-- 공통코드 데이터 삭제.
DELETE FROM COMCDVAL;
-- 팔로우 데이터 삭제.
DELETE FROM FOLLOW;
-- 댓글-답글 데이터 삭제.
DELETE FROM CMTANSWER;
-- 댓글 데이터 삭제.
DELETE FROM COMMENTS;
-- 메인 게시글_좋아요 데이터 삭제.
DELETE FROM FEEDLIKE;
-- 메인 게시글 이미지 데이터 삭제.
DELETE FROM FEEDIMAGE;
-- 메인 게시글 데이터 삭제.
DELETE FROM FEED;
-- 블랙리스트 데이터 삭제.
DELETE FROM BLACKLIST;
-- 신고 데이터 삭제.
DELETE FROM REPORT;
-- 신고-답변 데이터 삭제.
DELETE FROM RPANSWER;
-- 1:1문의-답변 데이터 삭제.
DELETE FROM CPANSWER;
-- 1:1문의 데이터 삭제.
DELETE FROM COMPLAIN;
-- 일반회원 데이터 삭제.
DELETE FROM BASICMEMBER;

-- 공통코드 샘플 데이터 삽입.
INSERT INTO COMCDVAL(COMCDVAL_NO, CD, TABLE_NAME, COLUMN_NAME, VAL) VALUES('CCV0001', 'CD0001', 'BASICMEMBER', 'BM_NO', '일반회원 번호, 형식:BM+YYYYMMDD+0001');
INSERT INTO COMCDVAL(COMCDVAL_NO, CD, TABLE_NAME, COLUMN_NAME, VAL) VALUES('CCV0002', 'CD0001', 'BASICMEMBER', 'BM_ID', '일반회원 아이디');
INSERT INTO COMCDVAL(COMCDVAL_NO, CD, TABLE_NAME, COLUMN_NAME, VAL) VALUES('CCV0003', 'CD0001', 'BASICMEMBER', 'BM_PW', '일반회원 비밀번호');
INSERT INTO COMCDVAL(COMCDVAL_NO, CD, TABLE_NAME, COLUMN_NAME, VAL) VALUES('CCV0004', 'CD0001', 'BASICMEMBER', 'BM_IMG', '일반회원 프로필사진');
INSERT INTO COMCDVAL(COMCDVAL_NO, CD, TABLE_NAME, COLUMN_NAME, VAL) VALUES('CCV0005', 'CD0001', 'BASICMEMBER', 'BM_NICK', '일반회원 닉네임');
INSERT INTO COMCDVAL(COMCDVAL_NO, CD, TABLE_NAME, COLUMN_NAME, VAL) VALUES('CCV0006', 'CD0001', 'BASICMEMBER', 'BM_NAME', '일반회원 이름');
INSERT INTO COMCDVAL(COMCDVAL_NO, CD, TABLE_NAME, COLUMN_NAME, VAL) VALUES('CCV0007', 'CD0001', 'BASICMEMBER', 'BM_PHONE', '일반회원 휴대폰');
INSERT INTO COMCDVAL(COMCDVAL_NO, CD, TABLE_NAME, COLUMN_NAME, VAL) VALUES('CCV0008', 'CD0001', 'BASICMEMBER', 'BM_EMAIL', '일반회원 이메일');
INSERT INTO COMCDVAL(COMCDVAL_NO, CD, TABLE_NAME, COLUMN_NAME, VAL) VALUES('CCV0009', 'CD0001', 'BASICMEMBER', 'BM_AUTH', '일반회원 권한');
INSERT INTO COMCDVAL(COMCDVAL_NO, CD, TABLE_NAME, COLUMN_NAME, VAL) VALUES('CCV0010', 'CD0001', 'BASICMEMBER', 'BM_DELETEYN', '일반회원 삭제여부');
INSERT INTO COMCDVAL(COMCDVAL_NO, CD, TABLE_NAME, COLUMN_NAME, VAL) VALUES('CCV0011', 'CD0001', 'BASICMEMBER', 'BM_INSERTDATE', '일반회원 가입일');
INSERT INTO COMCDVAL(COMCDVAL_NO, CD, TABLE_NAME, COLUMN_NAME, VAL) VALUES('CCV0012', 'CD0001', 'BASICMEMBER', 'BM_UPDATEDATE', '일반회원 수정일');
INSERT INTO COMCDVAL(COMCDVAL_NO, CD, TABLE_NAME, COLUMN_NAME, VAL) VALUES('CCV0013', 'CD0001', 'BASICMEMBER', 'BM_DELETEDATE', '일반회원 삭제일');
INSERT INTO COMCDVAL(COMCDVAL_NO, CD, TABLE_NAME, COLUMN_NAME, VAL) VALUES('CCV0014', 'CD0002', 'BLACKLIST', 'BL_NO', '블랙리스트 번호, 형식:BL+YYYYMMDD+0001');
INSERT INTO COMCDVAL(COMCDVAL_NO, CD, TABLE_NAME, COLUMN_NAME, VAL) VALUES('CCV0015', 'CD0002', 'BLACKLIST', 'BM_NO', '일반회원 번호');
INSERT INTO COMCDVAL(COMCDVAL_NO, CD, TABLE_NAME, COLUMN_NAME, VAL) VALUES('CCV0016', 'CD0002', 'BLACKLIST', 'BM_ID', '일반회원 아이디');
INSERT INTO COMCDVAL(COMCDVAL_NO, CD, TABLE_NAME, COLUMN_NAME, VAL) VALUES('CCV0017', 'CD0002', 'BLACKLIST', 'RPANS_CONTENT', '블랙리스트 신고내용');
INSERT INTO COMCDVAL(COMCDVAL_NO, CD, TABLE_NAME, COLUMN_NAME, VAL) VALUES('CCV0018', 'CD0002', 'BLACKLIST', 'BL_INSERTDATE', '블랙리스트 등록일');
INSERT INTO COMCDVAL(COMCDVAL_NO, CD, TABLE_NAME, COLUMN_NAME, VAL) VALUES('CCV0019', 'CD0002', 'BLACKLIST', 'BL_RELEASEDATE', '블랙리스트 해제일');
INSERT INTO COMCDVAL(COMCDVAL_NO, CD, TABLE_NAME, COLUMN_NAME, VAL) VALUES('CCV0020', 'CD0003', 'CMTANSWER', 'CMTANS_NO', '댓글-답글 번호, 형식:CMTANS+YYYYMMDD+0001');
INSERT INTO COMCDVAL(COMCDVAL_NO, CD, TABLE_NAME, COLUMN_NAME, VAL) VALUES('CCV0021', 'CD0003', 'CMTANSWER', 'CMT_NO', '댓글 번호');
INSERT INTO COMCDVAL(COMCDVAL_NO, CD, TABLE_NAME, COLUMN_NAME, VAL) VALUES('CCV0022', 'CD0003', 'CMTANSWER', 'BM_NO', '일반회원 번호(작성자)');
INSERT INTO COMCDVAL(COMCDVAL_NO, CD, TABLE_NAME, COLUMN_NAME, VAL) VALUES('CCV0023', 'CD0003', 'CMTANSWER', 'CMTANS_CONTENT', '댓글-답글 내용');
INSERT INTO COMCDVAL(COMCDVAL_NO, CD, TABLE_NAME, COLUMN_NAME, VAL) VALUES('CCV0024', 'CD0003', 'CMTANSWER', 'CMTANS_DELETEYN', '댓글-답글 삭제여부');
INSERT INTO COMCDVAL(COMCDVAL_NO, CD, TABLE_NAME, COLUMN_NAME, VAL) VALUES('CCV0025', 'CD0003', 'CMTANSWER', 'CMTANS_INSERTDATE', '댓글-답글 등록일');
INSERT INTO COMCDVAL(COMCDVAL_NO, CD, TABLE_NAME, COLUMN_NAME, VAL) VALUES('CCV0026', 'CD0003', 'CMTANSWER', 'CMTANS_UPDATEDATE', '댓글-답글 수정일');
INSERT INTO COMCDVAL(COMCDVAL_NO, CD, TABLE_NAME, COLUMN_NAME, VAL) VALUES('CCV0027', 'CD0003', 'CMTANSWER', 'CMTANS_DELETEDATE', '댓글-답글 삭제일');
INSERT INTO COMCDVAL(COMCDVAL_NO, CD, TABLE_NAME, COLUMN_NAME, VAL) VALUES('CCV0028', 'CD0004', 'COMCDVAL', 'COMCDVAL_NO', '공통코드 번호, 형식:CCV+0001');
INSERT INTO COMCDVAL(COMCDVAL_NO, CD, TABLE_NAME, COLUMN_NAME, VAL) VALUES('CCV0029', 'CD0004', 'COMCDVAL', 'CD', '테이블 분류 코드');
INSERT INTO COMCDVAL(COMCDVAL_NO, CD, TABLE_NAME, COLUMN_NAME, VAL) VALUES('CCV0030', 'CD0004', 'COMCDVAL', 'TABLE_NAME', '테이블명');
INSERT INTO COMCDVAL(COMCDVAL_NO, CD, TABLE_NAME, COLUMN_NAME, VAL) VALUES('CCV0031', 'CD0004', 'COMCDVAL', 'COLUMN_NAME', '컬럼명(영문)');
INSERT INTO COMCDVAL(COMCDVAL_NO, CD, TABLE_NAME, COLUMN_NAME, VAL) VALUES('CCV0032', 'CD0004', 'COMCDVAL', 'VAL', '컬럼명(국문)');
INSERT INTO COMCDVAL(COMCDVAL_NO, CD, TABLE_NAME, COLUMN_NAME, VAL) VALUES('CCV0033', 'CD0005', 'COMMENTS', 'CMT_NO', '댓글 번호, 형식:CMT+YYYYMMDD+0001');
INSERT INTO COMCDVAL(COMCDVAL_NO, CD, TABLE_NAME, COLUMN_NAME, VAL) VALUES('CCV0034', 'CD0005', 'COMMENTS', 'FEED_NO', '메인 게시글 번호');
INSERT INTO COMCDVAL(COMCDVAL_NO, CD, TABLE_NAME, COLUMN_NAME, VAL) VALUES('CCV0035', 'CD0005', 'COMMENTS', 'BM_NO', '일반회원 번호(작성자)');
INSERT INTO COMCDVAL(COMCDVAL_NO, CD, TABLE_NAME, COLUMN_NAME, VAL) VALUES('CCV0036', 'CD0005', 'COMMENTS', 'CMT_CONTENT', '댓글 내용');
INSERT INTO COMCDVAL(COMCDVAL_NO, CD, TABLE_NAME, COLUMN_NAME, VAL) VALUES('CCV0037', 'CD0005', 'COMMENTS', 'CMT_DELETEYN', '댓글 삭제여부');
INSERT INTO COMCDVAL(COMCDVAL_NO, CD, TABLE_NAME, COLUMN_NAME, VAL) VALUES('CCV0038', 'CD0005', 'COMMENTS', 'CMT_INSERTDATE', '댓글 등록일');
INSERT INTO COMCDVAL(COMCDVAL_NO, CD, TABLE_NAME, COLUMN_NAME, VAL) VALUES('CCV0039', 'CD0005', 'COMMENTS', 'CMT_UPDATEDATE', '댓글 수정일');
INSERT INTO COMCDVAL(COMCDVAL_NO, CD, TABLE_NAME, COLUMN_NAME, VAL) VALUES('CCV0040', 'CD0005', 'COMMENTS', 'CMT_DELETEDATE', '댓글 삭제일');
INSERT INTO COMCDVAL(COMCDVAL_NO, CD, TABLE_NAME, COLUMN_NAME, VAL) VALUES('CCV0041', 'CD0006', 'COMPLAIN', 'CP_NO', '1:1문의 번호, 형식:CP+YYYYMMDD+0001');
INSERT INTO COMCDVAL(COMCDVAL_NO, CD, TABLE_NAME, COLUMN_NAME, VAL) VALUES('CCV0042', 'CD0006', 'COMPLAIN', 'CP_TITLE', '1:1문의 제목');
INSERT INTO COMCDVAL(COMCDVAL_NO, CD, TABLE_NAME, COLUMN_NAME, VAL) VALUES('CCV0043', 'CD0006', 'COMPLAIN', 'BM_NO', '일반회원 번호(작성자)');
INSERT INTO COMCDVAL(COMCDVAL_NO, CD, TABLE_NAME, COLUMN_NAME, VAL) VALUES('CCV0044', 'CD0006', 'COMPLAIN', 'CP_CONTENT', '1:1문의 내용');
INSERT INTO COMCDVAL(COMCDVAL_NO, CD, TABLE_NAME, COLUMN_NAME, VAL) VALUES('CCV0045', 'CD0006', 'COMPLAIN', 'CP_DELETEYN', '1:1문의 삭제여부');
INSERT INTO COMCDVAL(COMCDVAL_NO, CD, TABLE_NAME, COLUMN_NAME, VAL) VALUES('CCV0046', 'CD0006', 'COMPLAIN', 'CP_INSERTDATE', '1:1문의 등록일');
INSERT INTO COMCDVAL(COMCDVAL_NO, CD, TABLE_NAME, COLUMN_NAME, VAL) VALUES('CCV0047', 'CD0006', 'COMPLAIN', 'CP_UPDATEDATE', '1:1문의 수정일');
INSERT INTO COMCDVAL(COMCDVAL_NO, CD, TABLE_NAME, COLUMN_NAME, VAL) VALUES('CCV0048', 'CD0006', 'COMPLAIN', 'CP_DELETEDATE', '1:1문의 삭제일');
INSERT INTO COMCDVAL(COMCDVAL_NO, CD, TABLE_NAME, COLUMN_NAME, VAL) VALUES('CCV0049', 'CD0007', 'CPANSWER', 'CPANS_NO', '1:1문의-답변 번호, 형식:CPANS+YYYYMMDD+0001');
INSERT INTO COMCDVAL(COMCDVAL_NO, CD, TABLE_NAME, COLUMN_NAME, VAL) VALUES('CCV0050', 'CD0007', 'CPANSWER', 'CP_NO', '1:1문의 번호');
INSERT INTO COMCDVAL(COMCDVAL_NO, CD, TABLE_NAME, COLUMN_NAME, VAL) VALUES('CCV0051', 'CD0007', 'CPANSWER', 'BM_NO', '일반회원 번호(작성자)');
INSERT INTO COMCDVAL(COMCDVAL_NO, CD, TABLE_NAME, COLUMN_NAME, VAL) VALUES('CCV0052', 'CD0007', 'CPANSWER', 'CPANS_CONTENT', '1:1문의-답변 내용');
INSERT INTO COMCDVAL(COMCDVAL_NO, CD, TABLE_NAME, COLUMN_NAME, VAL) VALUES('CCV0053', 'CD0007', 'CPANSWER', 'CPANS_DELETEYN', '1:1문의_답변 삭제여부');
INSERT INTO COMCDVAL(COMCDVAL_NO, CD, TABLE_NAME, COLUMN_NAME, VAL) VALUES('CCV0054', 'CD0007', 'CPANSWER', 'CPANS_INSERTDATE', '1:1문의_답변 등록일');
INSERT INTO COMCDVAL(COMCDVAL_NO, CD, TABLE_NAME, COLUMN_NAME, VAL) VALUES('CCV0055', 'CD0007', 'CPANSWER', 'CPANS_UPDATEDATE', '1:1문의_답변 수정일');
INSERT INTO COMCDVAL(COMCDVAL_NO, CD, TABLE_NAME, COLUMN_NAME, VAL) VALUES('CCV0056', 'CD0007', 'CPANSWER', 'CPANS_DELETEDATE', '1:1문의_답변 삭제일');
INSERT INTO COMCDVAL(COMCDVAL_NO, CD, TABLE_NAME, COLUMN_NAME, VAL) VALUES('CCV0057', 'CD0008', 'FEED', 'FEED_NO', '메인 게시글 번호, 형식:FEED+YYYYMMDD+0001');
INSERT INTO COMCDVAL(COMCDVAL_NO, CD, TABLE_NAME, COLUMN_NAME, VAL) VALUES('CCV0058', 'CD0008', 'FEED', 'BM_NO', '일반회원 번호(작성자)');
INSERT INTO COMCDVAL(COMCDVAL_NO, CD, TABLE_NAME, COLUMN_NAME, VAL) VALUES('CCV0059', 'CD0008', 'FEED', 'FEED_TYPE_CD', '메인 게시글 메뉴 구분 코드, 형식:MCAT+0001');
INSERT INTO COMCDVAL(COMCDVAL_NO, CD, TABLE_NAME, COLUMN_NAME, VAL) VALUES('CCV0060', 'CD0008', 'FEED', 'FEED_TITLE', '메인 게시글 제목');
INSERT INTO COMCDVAL(COMCDVAL_NO, CD, TABLE_NAME, COLUMN_NAME, VAL) VALUES('CCV0061', 'CD0008', 'FEED', 'FEED_CONTENT', '메인 게시글 내용');
INSERT INTO COMCDVAL(COMCDVAL_NO, CD, TABLE_NAME, COLUMN_NAME, VAL) VALUES('CCV0062', 'CD0008', 'FEED', 'FEED_DELETEYN', '메인 게시글 삭제여부');
INSERT INTO COMCDVAL(COMCDVAL_NO, CD, TABLE_NAME, COLUMN_NAME, VAL) VALUES('CCV0063', 'CD0008', 'FEED', 'FEED_INSERTDATE', '메인 게시글 등록일');
INSERT INTO COMCDVAL(COMCDVAL_NO, CD, TABLE_NAME, COLUMN_NAME, VAL) VALUES('CCV0064', 'CD0008', 'FEED', 'FEED_UPDATEDATE', '메인 게시글 수정일');
INSERT INTO COMCDVAL(COMCDVAL_NO, CD, TABLE_NAME, COLUMN_NAME, VAL) VALUES('CCV0065', 'CD0008', 'FEED', 'FEED_DELETEDATE', '메인 게시글 삭제일');
INSERT INTO COMCDVAL(COMCDVAL_NO, CD, TABLE_NAME, COLUMN_NAME, VAL) VALUES('CCV0066', 'CD0009', 'FEEDIMAGE', 'FI_NO', '메인 게시글 이미지 번호, 형식:FI+YYYMMDD+0001');
INSERT INTO COMCDVAL(COMCDVAL_NO, CD, TABLE_NAME, COLUMN_NAME, VAL) VALUES('CCV0067', 'CD0009', 'FEEDIMAGE', 'FI_PATH', '메인 게시글 이미지 파일경로');
INSERT INTO COMCDVAL(COMCDVAL_NO, CD, TABLE_NAME, COLUMN_NAME, VAL) VALUES('CCV0068', 'CD0009', 'FEEDIMAGE', 'FI_FILE', '메인 게시글 이미지 파일명');
INSERT INTO COMCDVAL(COMCDVAL_NO, CD, TABLE_NAME, COLUMN_NAME, VAL) VALUES('CCV0069', 'CD0009', 'FEEDIMAGE', 'FEED_NO', '메인 게시글 번호');
INSERT INTO COMCDVAL(COMCDVAL_NO, CD, TABLE_NAME, COLUMN_NAME, VAL) VALUES('CCV0070', 'CD0009', 'FEEDLIKE', 'FL_NO', '좋아요 번호, 형식:FL+YYYYMMDD+0001');
INSERT INTO COMCDVAL(COMCDVAL_NO, CD, TABLE_NAME, COLUMN_NAME, VAL) VALUES('CCV0071', 'CD0009', 'FEEDLIKE', 'FEED_NO', '메인 게시글 번호');
INSERT INTO COMCDVAL(COMCDVAL_NO, CD, TABLE_NAME, COLUMN_NAME, VAL) VALUES('CCV0072', 'CD0009', 'FEEDLIKE', 'BM_NO', '일반회원 번호');
INSERT INTO COMCDVAL(COMCDVAL_NO, CD, TABLE_NAME, COLUMN_NAME, VAL) VALUES('CCV0073', 'CD0010', 'FOLLOW', 'FOLLOW_NO', '팔로우 번호, 형식:F+YYYYMMDD+0001');
INSERT INTO COMCDVAL(COMCDVAL_NO, CD, TABLE_NAME, COLUMN_NAME, VAL) VALUES('CCV0074', 'CD0010', 'FOLLOW', 'BM_NO', '일반회원 번호(본인)');
INSERT INTO COMCDVAL(COMCDVAL_NO, CD, TABLE_NAME, COLUMN_NAME, VAL) VALUES('CCV0075', 'CD0010', 'FOLLOW', 'REG_BM_NO', '일반회원 번호(상대)');
INSERT INTO COMCDVAL(COMCDVAL_NO, CD, TABLE_NAME, COLUMN_NAME, VAL) VALUES('CCV0076', 'CD0011', 'REPORT', 'RP_NO', '신고 번호, 형식:RP+YYYYMMDD+0001');
INSERT INTO COMCDVAL(COMCDVAL_NO, CD, TABLE_NAME, COLUMN_NAME, VAL) VALUES('CCV0077', 'CD0011', 'REPORT', 'BM_NO', '일반회원 번호(신고자)');
INSERT INTO COMCDVAL(COMCDVAL_NO, CD, TABLE_NAME, COLUMN_NAME, VAL) VALUES('CCV0078', 'CD0011', 'REPORT', 'RP_BNO', '메인 게시글 번호(신고한 글)');
INSERT INTO COMCDVAL(COMCDVAL_NO, CD, TABLE_NAME, COLUMN_NAME, VAL) VALUES('CCV0079', 'CD0011', 'REPORT', 'RPANS_CONTENT', '신고-답변 내용');
INSERT INTO COMCDVAL(COMCDVAL_NO, CD, TABLE_NAME, COLUMN_NAME, VAL) VALUES('CCV0080', 'CD0011', 'REPORT', 'RP_INSERTDATE', '신고 등록일');
INSERT INTO COMCDVAL(COMCDVAL_NO, CD, TABLE_NAME, COLUMN_NAME, VAL) VALUES('CCV0081', 'CD0011', 'REPORT', 'RP_REPLYDATE', '신고 답변일');
INSERT INTO COMCDVAL(COMCDVAL_NO, CD, TABLE_NAME, COLUMN_NAME, VAL) VALUES('CCV0082', 'CD0011', 'RPANSWER', 'RPANS_NO', '신고-답변 번호, 형식:RPANS+0001');
INSERT INTO COMCDVAL(COMCDVAL_NO, CD, TABLE_NAME, COLUMN_NAME, VAL) VALUES('CCV0083', 'CD0011', 'RPANSWER', 'RPANS_TITLE', '신고-답변 제목');
INSERT INTO COMCDVAL(COMCDVAL_NO, CD, TABLE_NAME, COLUMN_NAME, VAL) VALUES('CCV0084', 'CD0011', 'RPANSWER', 'RPANS_CONTENT', '신고-답변 내용');

-- 일반회원 테이블 샘플 데이터 삽입.
INSERT INTO BASICMEMBER (BM_NO, BM_ID, BM_PW, BM_IMG, BM_NICK, BM_NAME, BM_PHONE, BM_EMAIL, BM_AUTH, BM_DELETEYN, BM_INSERTDATE, BM_UPDATEDATE, BM_DELETEDATE) VALUES ('BM202007010001', 'ADMINID1', 'ADMINPW1', '', 'ADMINNICK1', '김영진', '010-1234-1111', 'ADMINID1@NAVER.COM', '1', DEFAULT, DEFAULT, DEFAULT, '');
INSERT INTO BASICMEMBER (BM_NO, BM_ID, BM_PW, BM_IMG, BM_NICK, BM_NAME, BM_PHONE, BM_EMAIL, BM_AUTH, BM_DELETEYN, BM_INSERTDATE, BM_UPDATEDATE, BM_DELETEDATE) VALUES ('BM202007010002', 'ADMINID2', 'ADMINPW2', '', 'ADMINNICK2', '신민규', '010-1234-1112', 'ADMINID2@NAVER.COM', '1', DEFAULT, DEFAULT, DEFAULT, '');
INSERT INTO BASICMEMBER (BM_NO, BM_ID, BM_PW, BM_IMG, BM_NICK, BM_NAME, BM_PHONE, BM_EMAIL, BM_AUTH, BM_DELETEYN, BM_INSERTDATE, BM_UPDATEDATE, BM_DELETEDATE) VALUES ('BM202007010003', 'ADMINID3', 'ADMINPW3', '', 'ADMINNICK3', '강민성', '010-1234-1113', 'ADMINID3@NAVER.COM', '1', DEFAULT, DEFAULT, DEFAULT, '');
INSERT INTO BASICMEMBER (BM_NO, BM_ID, BM_PW, BM_IMG, BM_NICK, BM_NAME, BM_PHONE, BM_EMAIL, BM_AUTH, BM_DELETEYN, BM_INSERTDATE, BM_UPDATEDATE, BM_DELETEDATE) VALUES ('BM202007010004', 'ADMINID4', 'ADMINPW4', '', 'ADMINNICK4', '장준희', '010-1234-1114', 'ADMINID4@NAVER.COM', '1', DEFAULT, DEFAULT, DEFAULT, '');
INSERT INTO BASICMEMBER (BM_NO, BM_ID, BM_PW, BM_IMG, BM_NICK, BM_NAME, BM_PHONE, BM_EMAIL, BM_AUTH, BM_DELETEYN, BM_INSERTDATE, BM_UPDATEDATE, BM_DELETEDATE) VALUES ('BM202007010005', 'ADMINID5', 'ADMINPW5', '', 'ADMINNICK5', '박대범', '010-1234-1115', 'ADMINID5@NAVER.COM', '1', DEFAULT, DEFAULT, DEFAULT, '');
INSERT INTO BASICMEMBER (BM_NO, BM_ID, BM_PW, BM_IMG, BM_NICK, BM_NAME, BM_PHONE, BM_EMAIL, BM_AUTH, BM_DELETEYN, BM_INSERTDATE, BM_UPDATEDATE, BM_DELETEDATE) VALUES ('BM202007010006', 'ADMINID6', 'ADMINPW6', '', 'ADMINNICK6', '김형섭', '010-1234-1116', 'ADMINID6@NAVER.COM', '1', DEFAULT, DEFAULT, DEFAULT, '');
INSERT INTO BASICMEMBER (BM_NO, BM_ID, BM_PW, BM_IMG, BM_NICK, BM_NAME, BM_PHONE, BM_EMAIL, BM_AUTH, BM_DELETEYN, BM_INSERTDATE, BM_UPDATEDATE, BM_DELETEDATE) VALUES ('BM202007010007', 'ADMINID7', 'ADMINPW7', '', 'ADMINNICK7', '송승현', '010-1234-1117', 'ADMINID7@NAVER.COM', '1', DEFAULT, DEFAULT, DEFAULT, '');
INSERT INTO BASICMEMBER (BM_NO, BM_ID, BM_PW, BM_IMG, BM_NICK, BM_NAME, BM_PHONE, BM_EMAIL, BM_AUTH, BM_DELETEYN, BM_INSERTDATE, BM_UPDATEDATE, BM_DELETEDATE) VALUES ('BM202007080001', 'USERID1', 'USERPW1', '', 'USERNICK1', 'USERNAME1', '010-1234-1118', 'USERID1@NAVER.COM', DEFAULT, DEFAULT, DEFAULT, DEFAULT, '');
INSERT INTO BASICMEMBER (BM_NO, BM_ID, BM_PW, BM_IMG, BM_NICK, BM_NAME, BM_PHONE, BM_EMAIL, BM_AUTH, BM_DELETEYN, BM_INSERTDATE, BM_UPDATEDATE, BM_DELETEDATE) VALUES ('BM202007080002', 'USERID2', 'USERPW2', '', 'USERNICK2', 'USERNAME2', '010-1234-1119', 'USERID2@NAVER.COM', DEFAULT, DEFAULT, DEFAULT, DEFAULT, '');
INSERT INTO BASICMEMBER (BM_NO, BM_ID, BM_PW, BM_IMG, BM_NICK, BM_NAME, BM_PHONE, BM_EMAIL, BM_AUTH, BM_DELETEYN, BM_INSERTDATE, BM_UPDATEDATE, BM_DELETEDATE) VALUES ('BM202007080003', 'USERID3', 'USERPW3', '', 'USERNICK3', 'USERNAME3', '010-1234-1120', 'USERID3@NAVER.COM', DEFAULT, DEFAULT, DEFAULT, DEFAULT, '');
INSERT INTO BASICMEMBER (BM_NO, BM_ID, BM_PW, BM_IMG, BM_NICK, BM_NAME, BM_PHONE, BM_EMAIL, BM_AUTH, BM_DELETEYN, BM_INSERTDATE, BM_UPDATEDATE, BM_DELETEDATE) VALUES ('BM202007110001', 'USERID4', 'USERPW4', '', 'USERNICK4', 'USERNAME4', '010-1234-1121', 'USERID4@NAVER.COM', DEFAULT, DEFAULT, DEFAULT, DEFAULT, '');
INSERT INTO BASICMEMBER (BM_NO, BM_ID, BM_PW, BM_IMG, BM_NICK, BM_NAME, BM_PHONE, BM_EMAIL, BM_AUTH, BM_DELETEYN, BM_INSERTDATE, BM_UPDATEDATE, BM_DELETEDATE) VALUES ('BM202007110002', 'USERID5', 'USERPW5', '', 'USERNICK5', 'USERNAME5', '010-1234-1122', 'USERID5@NAVER.COM', DEFAULT, DEFAULT, DEFAULT, DEFAULT, '');
INSERT INTO BASICMEMBER (BM_NO, BM_ID, BM_PW, BM_IMG, BM_NICK, BM_NAME, BM_PHONE, BM_EMAIL, BM_AUTH, BM_DELETEYN, BM_INSERTDATE, BM_UPDATEDATE, BM_DELETEDATE) VALUES ('BM202007110003', 'USERID6', 'USERPW6', '', 'USERNICK6', 'USERNAME6', '010-1234-1123', 'USERID6@NAVER.COM', DEFAULT, DEFAULT, DEFAULT, DEFAULT, '');
INSERT INTO BASICMEMBER (BM_NO, BM_ID, BM_PW, BM_IMG, BM_NICK, BM_NAME, BM_PHONE, BM_EMAIL, BM_AUTH, BM_DELETEYN, BM_INSERTDATE, BM_UPDATEDATE, BM_DELETEDATE) VALUES ('BM202007140001', 'USERID7', 'USERPW7', '', 'USERNICK7', 'USERNAME7', '010-1234-1124', 'USERID7@NAVER.COM', DEFAULT, DEFAULT, DEFAULT, DEFAULT, '');
INSERT INTO BASICMEMBER (BM_NO, BM_ID, BM_PW, BM_IMG, BM_NICK, BM_NAME, BM_PHONE, BM_EMAIL, BM_AUTH, BM_DELETEYN, BM_INSERTDATE, BM_UPDATEDATE, BM_DELETEDATE) VALUES ('BM202007140002', 'USERID8', 'USERPW8', '', 'USERNICK8', 'USERNAME8', '010-1234-1125', 'USERID8@NAVER.COM', DEFAULT, DEFAULT, DEFAULT, DEFAULT, '');
INSERT INTO BASICMEMBER (BM_NO, BM_ID, BM_PW, BM_IMG, BM_NICK, BM_NAME, BM_PHONE, BM_EMAIL, BM_AUTH, BM_DELETEYN, BM_INSERTDATE, BM_UPDATEDATE, BM_DELETEDATE) VALUES ('BM202007140003', 'USERID9', 'USERPW9', '', 'USERNICK9', 'USERNAME9', '010-1234-1126', 'USERID9@NAVER.COM', DEFAULT, DEFAULT, DEFAULT, DEFAULT, '');
INSERT INTO BASICMEMBER (BM_NO, BM_ID, BM_PW, BM_IMG, BM_NICK, BM_NAME, BM_PHONE, BM_EMAIL, BM_AUTH, BM_DELETEYN, BM_INSERTDATE, BM_UPDATEDATE, BM_DELETEDATE) VALUES ('BM202007170001', 'USERID10', 'USERPW10', '', 'USERNICK10', 'USERNAME10', '010-1234-1127', 'USERID10@NAVER.COM', DEFAULT, DEFAULT, DEFAULT, DEFAULT, '');
INSERT INTO BASICMEMBER (BM_NO, BM_ID, BM_PW, BM_IMG, BM_NICK, BM_NAME, BM_PHONE, BM_EMAIL, BM_AUTH, BM_DELETEYN, BM_INSERTDATE, BM_UPDATEDATE, BM_DELETEDATE) VALUES ('BM202007170002', 'USERID11', 'USERPW11', '', 'USERNICK11', 'USERNAME11', '010-1234-1128', 'USERID11@NAVER.COM', DEFAULT, DEFAULT, DEFAULT, DEFAULT, '');
INSERT INTO BASICMEMBER (BM_NO, BM_ID, BM_PW, BM_IMG, BM_NICK, BM_NAME, BM_PHONE, BM_EMAIL, BM_AUTH, BM_DELETEYN, BM_INSERTDATE, BM_UPDATEDATE, BM_DELETEDATE) VALUES ('BM202007170003', 'USERID12', 'USERPW12', '', 'USERNICK12', 'USERNAME12', '010-1234-1129', 'USERID12@NAVER.COM', DEFAULT, DEFAULT, DEFAULT, DEFAULT, '');
INSERT INTO BASICMEMBER (BM_NO, BM_ID, BM_PW, BM_IMG, BM_NICK, BM_NAME, BM_PHONE, BM_EMAIL, BM_AUTH, BM_DELETEYN, BM_INSERTDATE, BM_UPDATEDATE, BM_DELETEDATE) VALUES ('BM202007200001', 'USERID13', 'USERPW13', '', 'USERNICK13', 'USERNAME13', '010-1234-1130', 'USERID13@NAVER.COM', DEFAULT, DEFAULT, DEFAULT, DEFAULT, '');
INSERT INTO BASICMEMBER (BM_NO, BM_ID, BM_PW, BM_IMG, BM_NICK, BM_NAME, BM_PHONE, BM_EMAIL, BM_AUTH, BM_DELETEYN, BM_INSERTDATE, BM_UPDATEDATE, BM_DELETEDATE) VALUES ('BM202007200002', 'USERID14', 'USERPW14', '', 'USERNICK14', 'USERNAME14', '010-1234-1131', 'USERID14@NAVER.COM', DEFAULT, DEFAULT, DEFAULT, DEFAULT, '');
INSERT INTO BASICMEMBER (BM_NO, BM_ID, BM_PW, BM_IMG, BM_NICK, BM_NAME, BM_PHONE, BM_EMAIL, BM_AUTH, BM_DELETEYN, BM_INSERTDATE, BM_UPDATEDATE, BM_DELETEDATE) VALUES ('BM202007200003', 'USERID15', 'USERPW15', '', 'USERNICK15', 'USERNAME15', '010-1234-1132', 'USERID15@NAVER.COM', DEFAULT, DEFAULT, DEFAULT, DEFAULT, '');
INSERT INTO BASICMEMBER (BM_NO, BM_ID, BM_PW, BM_IMG, BM_NICK, BM_NAME, BM_PHONE, BM_EMAIL, BM_AUTH, BM_DELETEYN, BM_INSERTDATE, BM_UPDATEDATE, BM_DELETEDATE) VALUES ('BM202007230001', 'USERID16', 'USERPW16', '', 'USERNICK16', 'USERNAME16', '010-1234-1133', 'USERID16@NAVER.COM', DEFAULT, DEFAULT, DEFAULT, DEFAULT, '');
INSERT INTO BASICMEMBER (BM_NO, BM_ID, BM_PW, BM_IMG, BM_NICK, BM_NAME, BM_PHONE, BM_EMAIL, BM_AUTH, BM_DELETEYN, BM_INSERTDATE, BM_UPDATEDATE, BM_DELETEDATE) VALUES ('BM202007230002', 'USERID17', 'USERPW17', '', 'USERNICK17', 'USERNAME17', '010-1234-1134', 'USERID17@NAVER.COM', DEFAULT, DEFAULT, DEFAULT, DEFAULT, '');
INSERT INTO BASICMEMBER (BM_NO, BM_ID, BM_PW, BM_IMG, BM_NICK, BM_NAME, BM_PHONE, BM_EMAIL, BM_AUTH, BM_DELETEYN, BM_INSERTDATE, BM_UPDATEDATE, BM_DELETEDATE) VALUES ('BM202007230003', 'USERID18', 'USERPW18', '', 'USERNICK18', 'USERNAME18', '010-1234-1135', 'USERID18@NAVER.COM', DEFAULT, DEFAULT, DEFAULT, DEFAULT, '');
INSERT INTO BASICMEMBER (BM_NO, BM_ID, BM_PW, BM_IMG, BM_NICK, BM_NAME, BM_PHONE, BM_EMAIL, BM_AUTH, BM_DELETEYN, BM_INSERTDATE, BM_UPDATEDATE, BM_DELETEDATE) VALUES ('BM202007260001', 'USERID19', 'USERPW19', '', 'USERNICK19', 'USERNAME19', '010-1234-1136', 'USERID19@NAVER.COM', DEFAULT, DEFAULT, DEFAULT, DEFAULT, '');
INSERT INTO BASICMEMBER (BM_NO, BM_ID, BM_PW, BM_IMG, BM_NICK, BM_NAME, BM_PHONE, BM_EMAIL, BM_AUTH, BM_DELETEYN, BM_INSERTDATE, BM_UPDATEDATE, BM_DELETEDATE) VALUES ('BM202007260002', 'USERID20', 'USERPW20', '', 'USERNICK20', 'USERNAME20', '010-1234-1137', 'USERID20@NAVER.COM', DEFAULT, DEFAULT, DEFAULT, DEFAULT, '');
INSERT INTO BASICMEMBER (BM_NO, BM_ID, BM_PW, BM_IMG, BM_NICK, BM_NAME, BM_PHONE, BM_EMAIL, BM_AUTH, BM_DELETEYN, BM_INSERTDATE, BM_UPDATEDATE, BM_DELETEDATE) VALUES ('BM202007260003', 'USERID21', 'USERPW21', '', 'USERNICK21', 'USERNAME21', '010-1234-1138', 'USERID21@NAVER.COM', DEFAULT, DEFAULT, DEFAULT, DEFAULT, '');
INSERT INTO BASICMEMBER (BM_NO, BM_ID, BM_PW, BM_IMG, BM_NICK, BM_NAME, BM_PHONE, BM_EMAIL, BM_AUTH, BM_DELETEYN, BM_INSERTDATE, BM_UPDATEDATE, BM_DELETEDATE) VALUES ('BM202007290001', 'USERID22', 'USERPW22', '', 'USERNICK22', 'USERNAME22', '010-1234-1139', 'USERID22@NAVER.COM', DEFAULT, DEFAULT, DEFAULT, DEFAULT, '');
INSERT INTO BASICMEMBER (BM_NO, BM_ID, BM_PW, BM_IMG, BM_NICK, BM_NAME, BM_PHONE, BM_EMAIL, BM_AUTH, BM_DELETEYN, BM_INSERTDATE, BM_UPDATEDATE, BM_DELETEDATE) VALUES ('BM202007290002', 'USERID23', 'USERPW23', '', 'USERNICK23', 'USERNAME23', '010-1234-1140', 'USERID23@NAVER.COM', DEFAULT, DEFAULT, DEFAULT, DEFAULT, '');
INSERT INTO BASICMEMBER (BM_NO, BM_ID, BM_PW, BM_IMG, BM_NICK, BM_NAME, BM_PHONE, BM_EMAIL, BM_AUTH, BM_DELETEYN, BM_INSERTDATE, BM_UPDATEDATE, BM_DELETEDATE) VALUES ('BM202007290003', 'USERID24', 'USERPW24', '', 'USERNICK24', 'USERNAME24', '010-1234-1141', 'USERID24@NAVER.COM', DEFAULT, DEFAULT, DEFAULT, DEFAULT, '');
INSERT INTO BASICMEMBER (BM_NO, BM_ID, BM_PW, BM_IMG, BM_NICK, BM_NAME, BM_PHONE, BM_EMAIL, BM_AUTH, BM_DELETEYN, BM_INSERTDATE, BM_UPDATEDATE, BM_DELETEDATE) VALUES ('BM202008010001', 'USERID25', 'USERPW25', '', 'USERNICK25', 'USERNAME25', '010-1234-1142', 'USERID25@NAVER.COM', DEFAULT, DEFAULT, DEFAULT, DEFAULT, '');
INSERT INTO BASICMEMBER (BM_NO, BM_ID, BM_PW, BM_IMG, BM_NICK, BM_NAME, BM_PHONE, BM_EMAIL, BM_AUTH, BM_DELETEYN, BM_INSERTDATE, BM_UPDATEDATE, BM_DELETEDATE) VALUES ('BM202008010002', 'USERID26', 'USERPW26', '', 'USERNICK26', 'USERNAME26', '010-1234-1143', 'USERID26@NAVER.COM', DEFAULT, DEFAULT, DEFAULT, DEFAULT, '');
INSERT INTO BASICMEMBER (BM_NO, BM_ID, BM_PW, BM_IMG, BM_NICK, BM_NAME, BM_PHONE, BM_EMAIL, BM_AUTH, BM_DELETEYN, BM_INSERTDATE, BM_UPDATEDATE, BM_DELETEDATE) VALUES ('BM202008010003', 'USERID27', 'USERID27', '', 'USERNICK27', 'USERNAME27', '010-1234-1144', 'USERID27@NAVER.COM', DEFAULT, DEFAULT, DEFAULT, DEFAULT, '');
INSERT INTO BASICMEMBER (BM_NO, BM_ID, BM_PW, BM_IMG, BM_NICK, BM_NAME, BM_PHONE, BM_EMAIL, BM_AUTH, BM_DELETEYN, BM_INSERTDATE, BM_UPDATEDATE, BM_DELETEDATE) VALUES ('BM202008020001', 'USERID28', 'USERID28', '', 'USERNICK28', 'USERNAME28', '010-1234-1145', 'USERID28@NAVER.COM', DEFAULT, DEFAULT, DEFAULT, DEFAULT, '');
INSERT INTO BASICMEMBER (BM_NO, BM_ID, BM_PW, BM_IMG, BM_NICK, BM_NAME, BM_PHONE, BM_EMAIL, BM_AUTH, BM_DELETEYN, BM_INSERTDATE, BM_UPDATEDATE, BM_DELETEDATE) VALUES ('BM202008020002', 'USERID29', 'USERID29', '', 'USERNICK29', 'USERNAME29', '010-1234-1146', 'USERID29@NAVER.COM', DEFAULT, DEFAULT, DEFAULT, DEFAULT, '');
INSERT INTO BASICMEMBER (BM_NO, BM_ID, BM_PW, BM_IMG, BM_NICK, BM_NAME, BM_PHONE, BM_EMAIL, BM_AUTH, BM_DELETEYN, BM_INSERTDATE, BM_UPDATEDATE, BM_DELETEDATE) VALUES ('BM202008020003', 'USERID30', 'USERID30', '', 'USERNICK30', 'USERNAME30', '010-1234-1147', 'USERID30@NAVER.COM', DEFAULT, DEFAULT, DEFAULT, DEFAULT, '');

-- 팔로우 테이블 샘플 데이터 삽입.
INSERT INTO FOLLOW (FOLLOW_NO, BM_NO, REG_BM_NO) VALUES ('F202008120001', 'BM202007200002', 'BM202007110001');
INSERT INTO FOLLOW (FOLLOW_NO, BM_NO, REG_BM_NO) VALUES ('F202008120002', 'BM202007230002', 'BM202008020001');
INSERT INTO FOLLOW (FOLLOW_NO, BM_NO, REG_BM_NO) VALUES ('F202008120003', 'BM202007230002', 'BM202007170001');
INSERT INTO FOLLOW (FOLLOW_NO, BM_NO, REG_BM_NO) VALUES ('F202008120004', 'BM202007230003', 'BM202007290001');
INSERT INTO FOLLOW (FOLLOW_NO, BM_NO, REG_BM_NO) VALUES ('F202008120005', 'BM202007260001', 'BM202008020001');
INSERT INTO FOLLOW (FOLLOW_NO, BM_NO, REG_BM_NO) VALUES ('F202008120006', 'BM202007260002', 'BM202007260003');
INSERT INTO FOLLOW (FOLLOW_NO, BM_NO, REG_BM_NO) VALUES ('F202008120007', 'BM202007290002', 'BM202007200002');
INSERT INTO FOLLOW (FOLLOW_NO, BM_NO, REG_BM_NO) VALUES ('F202008120008', 'BM202007290002', 'BM202007140003');
INSERT INTO FOLLOW (FOLLOW_NO, BM_NO, REG_BM_NO) VALUES ('F202008120009', 'BM202007290002', 'BM202007200001');
INSERT INTO FOLLOW (FOLLOW_NO, BM_NO, REG_BM_NO) VALUES ('F202008120010', 'BM202007290002', 'BM202007260003');
INSERT INTO FOLLOW (FOLLOW_NO, BM_NO, REG_BM_NO) VALUES ('F202008120011', 'BM202007290003', 'BM202008010003');
INSERT INTO FOLLOW (FOLLOW_NO, BM_NO, REG_BM_NO) VALUES ('F202008120012', 'BM202007290003', 'BM202007200003');
INSERT INTO FOLLOW (FOLLOW_NO, BM_NO, REG_BM_NO) VALUES ('F202008120013', 'BM202008010001', 'BM202007080001');
INSERT INTO FOLLOW (FOLLOW_NO, BM_NO, REG_BM_NO) VALUES ('F202008120014', 'BM202008010003', 'BM202007110001');
INSERT INTO FOLLOW (FOLLOW_NO, BM_NO, REG_BM_NO) VALUES ('F202008120015', 'BM202008010003', 'BM202007110002');
INSERT INTO FOLLOW (FOLLOW_NO, BM_NO, REG_BM_NO) VALUES ('F202008120016', 'BM202008020003', 'BM202008020002');
INSERT INTO FOLLOW (FOLLOW_NO, BM_NO, REG_BM_NO) VALUES ('F202008120017', 'BM202008020003', 'BM202007200003');
INSERT INTO FOLLOW (FOLLOW_NO, BM_NO, REG_BM_NO) VALUES ('F202008120018', 'BM202007080001', 'BM202007140001');
INSERT INTO FOLLOW (FOLLOW_NO, BM_NO, REG_BM_NO) VALUES ('F202008120019', 'BM202007080002', 'BM202007260002');
INSERT INTO FOLLOW (FOLLOW_NO, BM_NO, REG_BM_NO) VALUES ('F202008120020', 'BM202007080003', 'BM202007110003');
INSERT INTO FOLLOW (FOLLOW_NO, BM_NO, REG_BM_NO) VALUES ('F202008120021', 'BM202007110001', 'BM202007260003');
INSERT INTO FOLLOW (FOLLOW_NO, BM_NO, REG_BM_NO) VALUES ('F202008120022', 'BM202007110001', 'BM202008010001');
INSERT INTO FOLLOW (FOLLOW_NO, BM_NO, REG_BM_NO) VALUES ('F202008120023', 'BM202007110002', 'BM202008020001');
INSERT INTO FOLLOW (FOLLOW_NO, BM_NO, REG_BM_NO) VALUES ('F202008120024', 'BM202007110003', 'BM202007200003');
INSERT INTO FOLLOW (FOLLOW_NO, BM_NO, REG_BM_NO) VALUES ('F202008120025', 'BM202007110003', 'BM202007140003');
INSERT INTO FOLLOW (FOLLOW_NO, BM_NO, REG_BM_NO) VALUES ('F202008120026', 'BM202007140001', 'BM202007200003');
INSERT INTO FOLLOW (FOLLOW_NO, BM_NO, REG_BM_NO) VALUES ('F202008120027', 'BM202007140002', 'BM202007110002');
INSERT INTO FOLLOW (FOLLOW_NO, BM_NO, REG_BM_NO) VALUES ('F202008120028', 'BM202007140003', 'BM202007230002');
INSERT INTO FOLLOW (FOLLOW_NO, BM_NO, REG_BM_NO) VALUES ('F202008120029', 'BM202007140003', 'BM202007260001');
INSERT INTO FOLLOW (FOLLOW_NO, BM_NO, REG_BM_NO) VALUES ('F202008120030', 'BM202007170001', 'BM202007290001');
INSERT INTO FOLLOW (FOLLOW_NO, BM_NO, REG_BM_NO) VALUES ('F202008120031', 'BM202007170002', 'BM202007140002');
INSERT INTO FOLLOW (FOLLOW_NO, BM_NO, REG_BM_NO) VALUES ('F202008120032', 'BM202007170003', 'BM202008010001');
INSERT INTO FOLLOW (FOLLOW_NO, BM_NO, REG_BM_NO) VALUES ('F202008120033', 'BM202007200001', 'BM202007110002');
INSERT INTO FOLLOW (FOLLOW_NO, BM_NO, REG_BM_NO) VALUES ('F202008120034', 'BM202007200001', 'BM202008010003');
INSERT INTO FOLLOW (FOLLOW_NO, BM_NO, REG_BM_NO) VALUES ('F202008120035', 'BM202007200002', 'BM202008020001');
INSERT INTO FOLLOW (FOLLOW_NO, BM_NO, REG_BM_NO) VALUES ('F202008120036', 'BM202007200003', 'BM202007260002');
INSERT INTO FOLLOW (FOLLOW_NO, BM_NO, REG_BM_NO) VALUES ('F202008120037', 'BM202007230001', 'BM202007080001');
INSERT INTO FOLLOW (FOLLOW_NO, BM_NO, REG_BM_NO) VALUES ('F202008120038', 'BM202007230002', 'BM202007230003');
INSERT INTO FOLLOW (FOLLOW_NO, BM_NO, REG_BM_NO) VALUES ('F202008120039', 'BM202007230002', 'BM202007200003');
INSERT INTO FOLLOW (FOLLOW_NO, BM_NO, REG_BM_NO) VALUES ('F202008120040', 'BM202007230002', 'BM202007290002');
INSERT INTO FOLLOW (FOLLOW_NO, BM_NO, REG_BM_NO) VALUES ('F202008120041', 'BM202007260001', 'BM202008010002');
INSERT INTO FOLLOW (FOLLOW_NO, BM_NO, REG_BM_NO) VALUES ('F202008120042', 'BM202007260001', 'BM202007200002');
INSERT INTO FOLLOW (FOLLOW_NO, BM_NO, REG_BM_NO) VALUES ('F202008120043', 'BM202007260001', 'BM202007080002');
INSERT INTO FOLLOW (FOLLOW_NO, BM_NO, REG_BM_NO) VALUES ('F202008120044', 'BM202007260003', 'BM202007200003');
INSERT INTO FOLLOW (FOLLOW_NO, BM_NO, REG_BM_NO) VALUES ('F202008120045', 'BM202007290002', 'BM202007140002');
INSERT INTO FOLLOW (FOLLOW_NO, BM_NO, REG_BM_NO) VALUES ('F202008120046', 'BM202007290003', 'BM202007230003');
INSERT INTO FOLLOW (FOLLOW_NO, BM_NO, REG_BM_NO) VALUES ('F202008120047', 'BM202007290003', 'BM202007140002');
INSERT INTO FOLLOW (FOLLOW_NO, BM_NO, REG_BM_NO) VALUES ('F202008120048', 'BM202008010002', 'BM202007260002');
INSERT INTO FOLLOW (FOLLOW_NO, BM_NO, REG_BM_NO) VALUES ('F202008120049', 'BM202008010003', 'BM202008020001');
INSERT INTO FOLLOW (FOLLOW_NO, BM_NO, REG_BM_NO) VALUES ('F202008120050', 'BM202008020001', 'BM202007110001');
INSERT INTO FOLLOW (FOLLOW_NO, BM_NO, REG_BM_NO) VALUES ('F202008120051', 'BM202008020001', 'BM202007200001');
INSERT INTO FOLLOW (FOLLOW_NO, BM_NO, REG_BM_NO) VALUES ('F202008120052', 'BM202008020003', 'BM202007200002');
INSERT INTO FOLLOW (FOLLOW_NO, BM_NO, REG_BM_NO) VALUES ('F202008120053', 'BM202008020003', 'BM202007110001');
INSERT INTO FOLLOW (FOLLOW_NO, BM_NO, REG_BM_NO) VALUES ('F202008120054', 'BM202007080001', 'BM202008020002');
INSERT INTO FOLLOW (FOLLOW_NO, BM_NO, REG_BM_NO) VALUES ('F202008120055', 'BM202007080001', 'BM202007290002');
INSERT INTO FOLLOW (FOLLOW_NO, BM_NO, REG_BM_NO) VALUES ('F202008120056', 'BM202007080002', 'BM202007140003');
INSERT INTO FOLLOW (FOLLOW_NO, BM_NO, REG_BM_NO) VALUES ('F202008120057', 'BM202007080003', 'BM202007290001');
INSERT INTO FOLLOW (FOLLOW_NO, BM_NO, REG_BM_NO) VALUES ('F202008120058', 'BM202007110001', 'BM202007140003');
INSERT INTO FOLLOW (FOLLOW_NO, BM_NO, REG_BM_NO) VALUES ('F202008120059', 'BM202007140003', 'BM202007170003');
INSERT INTO FOLLOW (FOLLOW_NO, BM_NO, REG_BM_NO) VALUES ('F202008120060', 'BM202007140003', 'BM202008010003');
INSERT INTO FOLLOW (FOLLOW_NO, BM_NO, REG_BM_NO) VALUES ('F202008120061', 'BM202007140003', 'BM202007200001');
INSERT INTO FOLLOW (FOLLOW_NO, BM_NO, REG_BM_NO) VALUES ('F202008120062', 'BM202007170002', 'BM202008020003');
INSERT INTO FOLLOW (FOLLOW_NO, BM_NO, REG_BM_NO) VALUES ('F202008120063', 'BM202007170002', 'BM202007080002');
INSERT INTO FOLLOW (FOLLOW_NO, BM_NO, REG_BM_NO) VALUES ('F202008120064', 'BM202007170003', 'BM202007080001');
INSERT INTO FOLLOW (FOLLOW_NO, BM_NO, REG_BM_NO) VALUES ('F202008120065', 'BM202007200002', 'BM202007230001');
INSERT INTO FOLLOW (FOLLOW_NO, BM_NO, REG_BM_NO) VALUES ('F202008120066', 'BM202007200003', 'BM202007170002');
INSERT INTO FOLLOW (FOLLOW_NO, BM_NO, REG_BM_NO) VALUES ('F202008120067', 'BM202007230001', 'BM202007110002');
INSERT INTO FOLLOW (FOLLOW_NO, BM_NO, REG_BM_NO) VALUES ('F202008120068', 'BM202007230003', 'BM202007140001');
INSERT INTO FOLLOW (FOLLOW_NO, BM_NO, REG_BM_NO) VALUES ('F202008120069', 'BM202007260003', 'BM202007230001');
INSERT INTO FOLLOW (FOLLOW_NO, BM_NO, REG_BM_NO) VALUES ('F202008120070', 'BM202007290001', 'BM202007200002');
INSERT INTO FOLLOW (FOLLOW_NO, BM_NO, REG_BM_NO) VALUES ('F202008120071', 'BM202007290001', 'BM202007080001');
INSERT INTO FOLLOW (FOLLOW_NO, BM_NO, REG_BM_NO) VALUES ('F202008120072', 'BM202007290001', 'BM202007230003');
INSERT INTO FOLLOW (FOLLOW_NO, BM_NO, REG_BM_NO) VALUES ('F202008120073', 'BM202007290002', 'BM202007230001');
INSERT INTO FOLLOW (FOLLOW_NO, BM_NO, REG_BM_NO) VALUES ('F202008120074', 'BM202008010001', 'BM202007230003');
INSERT INTO FOLLOW (FOLLOW_NO, BM_NO, REG_BM_NO) VALUES ('F202008120075', 'BM202008010002', 'BM202007110001');
INSERT INTO FOLLOW (FOLLOW_NO, BM_NO, REG_BM_NO) VALUES ('F202008120076', 'BM202008010002', 'BM202007260001');
INSERT INTO FOLLOW (FOLLOW_NO, BM_NO, REG_BM_NO) VALUES ('F202008120077', 'BM202008010002', 'BM202007080001');
INSERT INTO FOLLOW (FOLLOW_NO, BM_NO, REG_BM_NO) VALUES ('F202008120078', 'BM202008010002', 'BM202008010003');
INSERT INTO FOLLOW (FOLLOW_NO, BM_NO, REG_BM_NO) VALUES ('F202008120079', 'BM202008010003', 'BM202007080001');
INSERT INTO FOLLOW (FOLLOW_NO, BM_NO, REG_BM_NO) VALUES ('F202008120080', 'BM202008010003', 'BM202007170001');
INSERT INTO FOLLOW (FOLLOW_NO, BM_NO, REG_BM_NO) VALUES ('F202008120081', 'BM202008020002', 'BM202007170002');
INSERT INTO FOLLOW (FOLLOW_NO, BM_NO, REG_BM_NO) VALUES ('F202008120082', 'BM202008020002', 'BM202007290003');
INSERT INTO FOLLOW (FOLLOW_NO, BM_NO, REG_BM_NO) VALUES ('F202008120083', 'BM202008020002', 'BM202007140003');
INSERT INTO FOLLOW (FOLLOW_NO, BM_NO, REG_BM_NO) VALUES ('F202008120084', 'BM202008020002', 'BM202007230002');
INSERT INTO FOLLOW (FOLLOW_NO, BM_NO, REG_BM_NO) VALUES ('F202008120085', 'BM202008020003', 'BM202007290002');
INSERT INTO FOLLOW (FOLLOW_NO, BM_NO, REG_BM_NO) VALUES ('F202008120086', 'BM202007080001', 'BM202007110001');
INSERT INTO FOLLOW (FOLLOW_NO, BM_NO, REG_BM_NO) VALUES ('F202008120087', 'BM202007080001', 'BM202008010002');
INSERT INTO FOLLOW (FOLLOW_NO, BM_NO, REG_BM_NO) VALUES ('F202008120088', 'BM202007080001', 'BM202007200001');
INSERT INTO FOLLOW (FOLLOW_NO, BM_NO, REG_BM_NO) VALUES ('F202008120089', 'BM202007080003', 'BM202007080002');
INSERT INTO FOLLOW (FOLLOW_NO, BM_NO, REG_BM_NO) VALUES ('F202008120090', 'BM202007110001', 'BM202007290003');
INSERT INTO FOLLOW (FOLLOW_NO, BM_NO, REG_BM_NO) VALUES ('F202008120091', 'BM202007110001', 'BM202008010003');
INSERT INTO FOLLOW (FOLLOW_NO, BM_NO, REG_BM_NO) VALUES ('F202008120092', 'BM202007110002', 'BM202007170001');
INSERT INTO FOLLOW (FOLLOW_NO, BM_NO, REG_BM_NO) VALUES ('F202008120093', 'BM202007140003', 'BM202007290001');
INSERT INTO FOLLOW (FOLLOW_NO, BM_NO, REG_BM_NO) VALUES ('F202008120094', 'BM202007170003', 'BM202007110003');
INSERT INTO FOLLOW (FOLLOW_NO, BM_NO, REG_BM_NO) VALUES ('F202008120095', 'BM202007170003', 'BM202008010003');
INSERT INTO FOLLOW (FOLLOW_NO, BM_NO, REG_BM_NO) VALUES ('F202008120096', 'BM202007200001', 'BM202007080003');
INSERT INTO FOLLOW (FOLLOW_NO, BM_NO, REG_BM_NO) VALUES ('F202008120097', 'BM202007200002', 'BM202007260003');
INSERT INTO FOLLOW (FOLLOW_NO, BM_NO, REG_BM_NO) VALUES ('F202008120098', 'BM202007200002', 'BM202007140002');
INSERT INTO FOLLOW (FOLLOW_NO, BM_NO, REG_BM_NO) VALUES ('F202008120099', 'BM202007200003', 'BM202007200001');
INSERT INTO FOLLOW (FOLLOW_NO, BM_NO, REG_BM_NO) VALUES ('F202008120100', 'BM202007230001', 'BM202007290003');
INSERT INTO FOLLOW (FOLLOW_NO, BM_NO, REG_BM_NO) VALUES ('F202008120101', 'BM202007230001', 'BM202008010003');
INSERT INTO FOLLOW (FOLLOW_NO, BM_NO, REG_BM_NO) VALUES ('F202008120102', 'BM202007230002', 'BM202008010002');
INSERT INTO FOLLOW (FOLLOW_NO, BM_NO, REG_BM_NO) VALUES ('F202008120103', 'BM202007230003', 'BM202007230001');
INSERT INTO FOLLOW (FOLLOW_NO, BM_NO, REG_BM_NO) VALUES ('F202008120104', 'BM202007230003', 'BM202007110003');
INSERT INTO FOLLOW (FOLLOW_NO, BM_NO, REG_BM_NO) VALUES ('F202008120105', 'BM202007230003', 'BM202008020001');
INSERT INTO FOLLOW (FOLLOW_NO, BM_NO, REG_BM_NO) VALUES ('F202008120106', 'BM202007260002', 'BM202007200002');
INSERT INTO FOLLOW (FOLLOW_NO, BM_NO, REG_BM_NO) VALUES ('F202008120107', 'BM202007260003', 'BM202008010003');
INSERT INTO FOLLOW (FOLLOW_NO, BM_NO, REG_BM_NO) VALUES ('F202008120108', 'BM202007260003', 'BM202007260001');
INSERT INTO FOLLOW (FOLLOW_NO, BM_NO, REG_BM_NO) VALUES ('F202008120109', 'BM202007290001', 'BM202008020003');
INSERT INTO FOLLOW (FOLLOW_NO, BM_NO, REG_BM_NO) VALUES ('F202008120110', 'BM202008010002', 'BM202007110002');
INSERT INTO FOLLOW (FOLLOW_NO, BM_NO, REG_BM_NO) VALUES ('F202008120111', 'BM202008020002', 'BM202007080002');
INSERT INTO FOLLOW (FOLLOW_NO, BM_NO, REG_BM_NO) VALUES ('F202008120112', 'BM202008020002', 'BM202007230001');
INSERT INTO FOLLOW (FOLLOW_NO, BM_NO, REG_BM_NO) VALUES ('F202008120113', 'BM202008020003', 'BM202007080002');
INSERT INTO FOLLOW (FOLLOW_NO, BM_NO, REG_BM_NO) VALUES ('F202008120114', 'BM202007080001', 'BM202007230002');
INSERT INTO FOLLOW (FOLLOW_NO, BM_NO, REG_BM_NO) VALUES ('F202008120115', 'BM202007080003', 'BM202007200003');
INSERT INTO FOLLOW (FOLLOW_NO, BM_NO, REG_BM_NO) VALUES ('F202008120116', 'BM202007080003', 'BM202007140001');
INSERT INTO FOLLOW (FOLLOW_NO, BM_NO, REG_BM_NO) VALUES ('F202008120117', 'BM202007110001', 'BM202007080001');
INSERT INTO FOLLOW (FOLLOW_NO, BM_NO, REG_BM_NO) VALUES ('F202008120118', 'BM202007110002', 'BM202008010003');
INSERT INTO FOLLOW (FOLLOW_NO, BM_NO, REG_BM_NO) VALUES ('F202008120119', 'BM202007110002', 'BM202007290001');
INSERT INTO FOLLOW (FOLLOW_NO, BM_NO, REG_BM_NO) VALUES ('F202008120120', 'BM202007140001', 'BM202007080003');
INSERT INTO FOLLOW (FOLLOW_NO, BM_NO, REG_BM_NO) VALUES ('F202008120121', 'BM202007140001', 'BM202008010001');
INSERT INTO FOLLOW (FOLLOW_NO, BM_NO, REG_BM_NO) VALUES ('F202008120122', 'BM202007140002', 'BM202007290002');
INSERT INTO FOLLOW (FOLLOW_NO, BM_NO, REG_BM_NO) VALUES ('F202008120123', 'BM202007140003', 'BM202007080003');
INSERT INTO FOLLOW (FOLLOW_NO, BM_NO, REG_BM_NO) VALUES ('F202008120124', 'BM202007140003', 'BM202007260003');
INSERT INTO FOLLOW (FOLLOW_NO, BM_NO, REG_BM_NO) VALUES ('F202008120125', 'BM202007170001', 'BM202007200003');
INSERT INTO FOLLOW (FOLLOW_NO, BM_NO, REG_BM_NO) VALUES ('F202008120126', 'BM202007170001', 'BM202007140001');
INSERT INTO FOLLOW (FOLLOW_NO, BM_NO, REG_BM_NO) VALUES ('F202008120127', 'BM202007170001', 'BM202007200002');
INSERT INTO FOLLOW (FOLLOW_NO, BM_NO, REG_BM_NO) VALUES ('F202008120128', 'BM202007170002', 'BM202007140001');
INSERT INTO FOLLOW (FOLLOW_NO, BM_NO, REG_BM_NO) VALUES ('F202008120129', 'BM202007170003', 'BM202007200002');
INSERT INTO FOLLOW (FOLLOW_NO, BM_NO, REG_BM_NO) VALUES ('F202008120130', 'BM202007170003', 'BM202007140002');
INSERT INTO FOLLOW (FOLLOW_NO, BM_NO, REG_BM_NO) VALUES ('F202008120131', 'BM202007200001', 'BM202007290001');
INSERT INTO FOLLOW (FOLLOW_NO, BM_NO, REG_BM_NO) VALUES ('F202008120132', 'BM202007200002', 'BM202008010001');
INSERT INTO FOLLOW (FOLLOW_NO, BM_NO, REG_BM_NO) VALUES ('F202008120133', 'BM202007200002', 'BM202007200001');
INSERT INTO FOLLOW (FOLLOW_NO, BM_NO, REG_BM_NO) VALUES ('F202008120134', 'BM202007200003', 'BM202007110003');
INSERT INTO FOLLOW (FOLLOW_NO, BM_NO, REG_BM_NO) VALUES ('F202008120135', 'BM202007230001', 'BM202008020003');
INSERT INTO FOLLOW (FOLLOW_NO, BM_NO, REG_BM_NO) VALUES ('F202008120136', 'BM202007230003', 'BM202007260003');
INSERT INTO FOLLOW (FOLLOW_NO, BM_NO, REG_BM_NO) VALUES ('F202008120137', 'BM202007260002', 'BM202007230003');
INSERT INTO FOLLOW (FOLLOW_NO, BM_NO, REG_BM_NO) VALUES ('F202008120138', 'BM202007260002', 'BM202007290002');
INSERT INTO FOLLOW (FOLLOW_NO, BM_NO, REG_BM_NO) VALUES ('F202008120139', 'BM202007260002', 'BM202007140002');
INSERT INTO FOLLOW (FOLLOW_NO, BM_NO, REG_BM_NO) VALUES ('F202008120140', 'BM202007260002', 'BM202007080003');
INSERT INTO FOLLOW (FOLLOW_NO, BM_NO, REG_BM_NO) VALUES ('F202008120141', 'BM202007260002', 'BM202007110002');
INSERT INTO FOLLOW (FOLLOW_NO, BM_NO, REG_BM_NO) VALUES ('F202008120142', 'BM202007290001', 'BM202007170001');
INSERT INTO FOLLOW (FOLLOW_NO, BM_NO, REG_BM_NO) VALUES ('F202008120143', 'BM202008010001', 'BM202007260002');
INSERT INTO FOLLOW (FOLLOW_NO, BM_NO, REG_BM_NO) VALUES ('F202008120144', 'BM202008010002', 'BM202007080003');
INSERT INTO FOLLOW (FOLLOW_NO, BM_NO, REG_BM_NO) VALUES ('F202008120145', 'BM202008010002', 'BM202008020003');
INSERT INTO FOLLOW (FOLLOW_NO, BM_NO, REG_BM_NO) VALUES ('F202008120146', 'BM202008010002', 'BM202007170001');
INSERT INTO FOLLOW (FOLLOW_NO, BM_NO, REG_BM_NO) VALUES ('F202008120147', 'BM202008010003', 'BM202007200003');
INSERT INTO FOLLOW (FOLLOW_NO, BM_NO, REG_BM_NO) VALUES ('F202008120148', 'BM202008020002', 'BM202007200003');
INSERT INTO FOLLOW (FOLLOW_NO, BM_NO, REG_BM_NO) VALUES ('F202008120149', 'BM202008020002', 'BM202008010001');
INSERT INTO FOLLOW (FOLLOW_NO, BM_NO, REG_BM_NO) VALUES ('F202008120150', 'BM202008020002', 'BM202007170003');
INSERT INTO FOLLOW (FOLLOW_NO, BM_NO, REG_BM_NO) VALUES ('F202008120151', 'BM202007080002', 'BM202008020003');
INSERT INTO FOLLOW (FOLLOW_NO, BM_NO, REG_BM_NO) VALUES ('F202008120152', 'BM202007110001', 'BM202007080003');
INSERT INTO FOLLOW (FOLLOW_NO, BM_NO, REG_BM_NO) VALUES ('F202008120153', 'BM202007110001', 'BM202007080002');
INSERT INTO FOLLOW (FOLLOW_NO, BM_NO, REG_BM_NO) VALUES ('F202008120154', 'BM202007110001', 'BM202007260002');
INSERT INTO FOLLOW (FOLLOW_NO, BM_NO, REG_BM_NO) VALUES ('F202008120155', 'BM202007110002', 'BM202008010002');
INSERT INTO FOLLOW (FOLLOW_NO, BM_NO, REG_BM_NO) VALUES ('F202008120156', 'BM202007110002', 'BM202007170003');
INSERT INTO FOLLOW (FOLLOW_NO, BM_NO, REG_BM_NO) VALUES ('F202008120157', 'BM202007110003', 'BM202007170001');
INSERT INTO FOLLOW (FOLLOW_NO, BM_NO, REG_BM_NO) VALUES ('F202008120158', 'BM202007110003', 'BM202007200001');
INSERT INTO FOLLOW (FOLLOW_NO, BM_NO, REG_BM_NO) VALUES ('F202008120159', 'BM202007110003', 'BM202008020001');
INSERT INTO FOLLOW (FOLLOW_NO, BM_NO, REG_BM_NO) VALUES ('F202008120160', 'BM202007140001', 'BM202008020003');
INSERT INTO FOLLOW (FOLLOW_NO, BM_NO, REG_BM_NO) VALUES ('F202008120161', 'BM202007140002', 'BM202007080001');
INSERT INTO FOLLOW (FOLLOW_NO, BM_NO, REG_BM_NO) VALUES ('F202008120162', 'BM202007140002', 'BM202007110003');
INSERT INTO FOLLOW (FOLLOW_NO, BM_NO, REG_BM_NO) VALUES ('F202008120163', 'BM202007140002', 'BM202007110001');
INSERT INTO FOLLOW (FOLLOW_NO, BM_NO, REG_BM_NO) VALUES ('F202008120164', 'BM202007140003', 'BM202008010002');
INSERT INTO FOLLOW (FOLLOW_NO, BM_NO, REG_BM_NO) VALUES ('F202008120165', 'BM202007170001', 'BM202008020001');
INSERT INTO FOLLOW (FOLLOW_NO, BM_NO, REG_BM_NO) VALUES ('F202008120166', 'BM202007170001', 'BM202007230001');
INSERT INTO FOLLOW (FOLLOW_NO, BM_NO, REG_BM_NO) VALUES ('F202008120167', 'BM202007170002', 'BM202007140003');
INSERT INTO FOLLOW (FOLLOW_NO, BM_NO, REG_BM_NO) VALUES ('F202008120168', 'BM202007170003', 'BM202007260001');
INSERT INTO FOLLOW (FOLLOW_NO, BM_NO, REG_BM_NO) VALUES ('F202008120169', 'BM202007170003', 'BM202007110002');
INSERT INTO FOLLOW (FOLLOW_NO, BM_NO, REG_BM_NO) VALUES ('F202008120170', 'BM202007200001', 'BM202007230002');
INSERT INTO FOLLOW (FOLLOW_NO, BM_NO, REG_BM_NO) VALUES ('F202008120171', 'BM202007200003', 'BM202007170001');
INSERT INTO FOLLOW (FOLLOW_NO, BM_NO, REG_BM_NO) VALUES ('F202008120172', 'BM202007200003', 'BM202007110001');
INSERT INTO FOLLOW (FOLLOW_NO, BM_NO, REG_BM_NO) VALUES ('F202008120173', 'BM202007230001', 'BM202007230002');
INSERT INTO FOLLOW (FOLLOW_NO, BM_NO, REG_BM_NO) VALUES ('F202008120174', 'BM202007230002', 'BM202007290001');
INSERT INTO FOLLOW (FOLLOW_NO, BM_NO, REG_BM_NO) VALUES ('F202008120175', 'BM202007230003', 'BM202007170001');
INSERT INTO FOLLOW (FOLLOW_NO, BM_NO, REG_BM_NO) VALUES ('F202008120176', 'BM202007260001', 'BM202007080003');
INSERT INTO FOLLOW (FOLLOW_NO, BM_NO, REG_BM_NO) VALUES ('F202008120177', 'BM202007260001', 'BM202007230002');
INSERT INTO FOLLOW (FOLLOW_NO, BM_NO, REG_BM_NO) VALUES ('F202008120178', 'BM202007260002', 'BM202007080001');
INSERT INTO FOLLOW (FOLLOW_NO, BM_NO, REG_BM_NO) VALUES ('F202008120179', 'BM202007260003', 'BM202007080001');
INSERT INTO FOLLOW (FOLLOW_NO, BM_NO, REG_BM_NO) VALUES ('F202008120180', 'BM202007260003', 'BM202007290002');
INSERT INTO FOLLOW (FOLLOW_NO, BM_NO, REG_BM_NO) VALUES ('F202008120181', 'BM202007260003', 'BM202007110001');
INSERT INTO FOLLOW (FOLLOW_NO, BM_NO, REG_BM_NO) VALUES ('F202008120182', 'BM202007290001', 'BM202007230002');
INSERT INTO FOLLOW (FOLLOW_NO, BM_NO, REG_BM_NO) VALUES ('F202008120183', 'BM202007290001', 'BM202007140003');
INSERT INTO FOLLOW (FOLLOW_NO, BM_NO, REG_BM_NO) VALUES ('F202008120184', 'BM202007290001', 'BM202007080002');
INSERT INTO FOLLOW (FOLLOW_NO, BM_NO, REG_BM_NO) VALUES ('F202008120185', 'BM202007290002', 'BM202007290001');
INSERT INTO FOLLOW (FOLLOW_NO, BM_NO, REG_BM_NO) VALUES ('F202008120186', 'BM202007290003', 'BM202007200001');
INSERT INTO FOLLOW (FOLLOW_NO, BM_NO, REG_BM_NO) VALUES ('F202008120187', 'BM202007290003', 'BM202007230002');
INSERT INTO FOLLOW (FOLLOW_NO, BM_NO, REG_BM_NO) VALUES ('F202008120188', 'BM202008010001', 'BM202007140003');
INSERT INTO FOLLOW (FOLLOW_NO, BM_NO, REG_BM_NO) VALUES ('F202008120189', 'BM202008010001', 'BM202007140002');
INSERT INTO FOLLOW (FOLLOW_NO, BM_NO, REG_BM_NO) VALUES ('F202008120190', 'BM202008010003', 'BM202007230001');
INSERT INTO FOLLOW (FOLLOW_NO, BM_NO, REG_BM_NO) VALUES ('F202008120191', 'BM202008010003', 'BM202008020003');
INSERT INTO FOLLOW (FOLLOW_NO, BM_NO, REG_BM_NO) VALUES ('F202008120192', 'BM202008020001', 'BM202008010002');
INSERT INTO FOLLOW (FOLLOW_NO, BM_NO, REG_BM_NO) VALUES ('F202008120193', 'BM202008020001', 'BM202007080001');
INSERT INTO FOLLOW (FOLLOW_NO, BM_NO, REG_BM_NO) VALUES ('F202008120194', 'BM202008020001', 'BM202007110003');
INSERT INTO FOLLOW (FOLLOW_NO, BM_NO, REG_BM_NO) VALUES ('F202008120195', 'BM202008020003', 'BM202008020001');
INSERT INTO FOLLOW (FOLLOW_NO, BM_NO, REG_BM_NO) VALUES ('F202008120196', 'BM202007080001', 'BM202007080002');
INSERT INTO FOLLOW (FOLLOW_NO, BM_NO, REG_BM_NO) VALUES ('F202008120197', 'BM202007080002', 'BM202007230001');
INSERT INTO FOLLOW (FOLLOW_NO, BM_NO, REG_BM_NO) VALUES ('F202008120198', 'BM202007080002', 'BM202008010002');
INSERT INTO FOLLOW (FOLLOW_NO, BM_NO, REG_BM_NO) VALUES ('F202008120199', 'BM202007080003', 'BM202007140003');
INSERT INTO FOLLOW (FOLLOW_NO, BM_NO, REG_BM_NO) VALUES ('F202008120200', 'BM202007080003', 'BM202007200001');
INSERT INTO FOLLOW (FOLLOW_NO, BM_NO, REG_BM_NO) VALUES ('F202008120201', 'BM202007080003', 'BM202007290002');
INSERT INTO FOLLOW (FOLLOW_NO, BM_NO, REG_BM_NO) VALUES ('F202008120202', 'BM202007110002', 'BM202008020002');
INSERT INTO FOLLOW (FOLLOW_NO, BM_NO, REG_BM_NO) VALUES ('F202008120203', 'BM202007110002', 'BM202007230003');
INSERT INTO FOLLOW (FOLLOW_NO, BM_NO, REG_BM_NO) VALUES ('F202008120204', 'BM202007110003', 'BM202007140002');
INSERT INTO FOLLOW (FOLLOW_NO, BM_NO, REG_BM_NO) VALUES ('F202008120205', 'BM202007110003', 'BM202007170003');
INSERT INTO FOLLOW (FOLLOW_NO, BM_NO, REG_BM_NO) VALUES ('F202008120206', 'BM202007140002', 'BM202007260001');
INSERT INTO FOLLOW (FOLLOW_NO, BM_NO, REG_BM_NO) VALUES ('F202008120207', 'BM202007140003', 'BM202007230001');
INSERT INTO FOLLOW (FOLLOW_NO, BM_NO, REG_BM_NO) VALUES ('F202008120208', 'BM202007170002', 'BM202008020002');
INSERT INTO FOLLOW (FOLLOW_NO, BM_NO, REG_BM_NO) VALUES ('F202008120209', 'BM202007200003', 'BM202007290003');
INSERT INTO FOLLOW (FOLLOW_NO, BM_NO, REG_BM_NO) VALUES ('F202008120210', 'BM202007200003', 'BM202007080003');
INSERT INTO FOLLOW (FOLLOW_NO, BM_NO, REG_BM_NO) VALUES ('F202008120211', 'BM202007230001', 'BM202007230003');
INSERT INTO FOLLOW (FOLLOW_NO, BM_NO, REG_BM_NO) VALUES ('F202008120212', 'BM202007230002', 'BM202007080001');
INSERT INTO FOLLOW (FOLLOW_NO, BM_NO, REG_BM_NO) VALUES ('F202008120213', 'BM202007230003', 'BM202007080002');
INSERT INTO FOLLOW (FOLLOW_NO, BM_NO, REG_BM_NO) VALUES ('F202008120214', 'BM202007230003', 'BM202007170002');
INSERT INTO FOLLOW (FOLLOW_NO, BM_NO, REG_BM_NO) VALUES ('F202008120215', 'BM202007260001', 'BM202007080001');
INSERT INTO FOLLOW (FOLLOW_NO, BM_NO, REG_BM_NO) VALUES ('F202008120216', 'BM202007260002', 'BM202007170003');
INSERT INTO FOLLOW (FOLLOW_NO, BM_NO, REG_BM_NO) VALUES ('F202008120217', 'BM202007260002', 'BM202007200003');
INSERT INTO FOLLOW (FOLLOW_NO, BM_NO, REG_BM_NO) VALUES ('F202008120218', 'BM202007260003', 'BM202007170003');
INSERT INTO FOLLOW (FOLLOW_NO, BM_NO, REG_BM_NO) VALUES ('F202008120219', 'BM202007260003', 'BM202008020002');
INSERT INTO FOLLOW (FOLLOW_NO, BM_NO, REG_BM_NO) VALUES ('F202008120220', 'BM202007290002', 'BM202008010002');
INSERT INTO FOLLOW (FOLLOW_NO, BM_NO, REG_BM_NO) VALUES ('F202008120221', 'BM202007290002', 'BM202008010001');
INSERT INTO FOLLOW (FOLLOW_NO, BM_NO, REG_BM_NO) VALUES ('F202008120222', 'BM202007290003', 'BM202007170001');
INSERT INTO FOLLOW (FOLLOW_NO, BM_NO, REG_BM_NO) VALUES ('F202008120223', 'BM202007290003', 'BM202008020002');
INSERT INTO FOLLOW (FOLLOW_NO, BM_NO, REG_BM_NO) VALUES ('F202008120224', 'BM202008010001', 'BM202007170003');
INSERT INTO FOLLOW (FOLLOW_NO, BM_NO, REG_BM_NO) VALUES ('F202008120225', 'BM202008010002', 'BM202007290002');
INSERT INTO FOLLOW (FOLLOW_NO, BM_NO, REG_BM_NO) VALUES ('F202008120226', 'BM202008010003', 'BM202007260002');
INSERT INTO FOLLOW (FOLLOW_NO, BM_NO, REG_BM_NO) VALUES ('F202008120227', 'BM202008020001', 'BM202007200003');
INSERT INTO FOLLOW (FOLLOW_NO, BM_NO, REG_BM_NO) VALUES ('F202008120228', 'BM202008020003', 'BM202007230003');
INSERT INTO FOLLOW (FOLLOW_NO, BM_NO, REG_BM_NO) VALUES ('F202008120229', 'BM202007080001', 'BM202007290001');
INSERT INTO FOLLOW (FOLLOW_NO, BM_NO, REG_BM_NO) VALUES ('F202008120230', 'BM202007080002', 'BM202007110003');
INSERT INTO FOLLOW (FOLLOW_NO, BM_NO, REG_BM_NO) VALUES ('F202008120231', 'BM202007080002', 'BM202007080003');
INSERT INTO FOLLOW (FOLLOW_NO, BM_NO, REG_BM_NO) VALUES ('F202008120232', 'BM202007110003', 'BM202007260002');
INSERT INTO FOLLOW (FOLLOW_NO, BM_NO, REG_BM_NO) VALUES ('F202008120233', 'BM202007110003', 'BM202008010002');
INSERT INTO FOLLOW (FOLLOW_NO, BM_NO, REG_BM_NO) VALUES ('F202008120234', 'BM202007140001', 'BM202007260003');
INSERT INTO FOLLOW (FOLLOW_NO, BM_NO, REG_BM_NO) VALUES ('F202008120235', 'BM202007140001', 'BM202007230002');
INSERT INTO FOLLOW (FOLLOW_NO, BM_NO, REG_BM_NO) VALUES ('F202008120236', 'BM202007140001', 'BM202007230001');
INSERT INTO FOLLOW (FOLLOW_NO, BM_NO, REG_BM_NO) VALUES ('F202008120237', 'BM202007140002', 'BM202007200001');
INSERT INTO FOLLOW (FOLLOW_NO, BM_NO, REG_BM_NO) VALUES ('F202008120238', 'BM202007140002', 'BM202007170003');
INSERT INTO FOLLOW (FOLLOW_NO, BM_NO, REG_BM_NO) VALUES ('F202008120239', 'BM202007140002', 'BM202007140003');
INSERT INTO FOLLOW (FOLLOW_NO, BM_NO, REG_BM_NO) VALUES ('F202008120240', 'BM202007170001', 'BM202007110001');
INSERT INTO FOLLOW (FOLLOW_NO, BM_NO, REG_BM_NO) VALUES ('F202008120241', 'BM202007170003', 'BM202007260003');
INSERT INTO FOLLOW (FOLLOW_NO, BM_NO, REG_BM_NO) VALUES ('F202008120242', 'BM202007200001', 'BM202007110003');
INSERT INTO FOLLOW (FOLLOW_NO, BM_NO, REG_BM_NO) VALUES ('F202008120243', 'BM202007200001', 'BM202007230003');
INSERT INTO FOLLOW (FOLLOW_NO, BM_NO, REG_BM_NO) VALUES ('F202008120244', 'BM202007200001', 'BM202007140001');
INSERT INTO FOLLOW (FOLLOW_NO, BM_NO, REG_BM_NO) VALUES ('F202008120245', 'BM202007200002', 'BM202007170001');
INSERT INTO FOLLOW (FOLLOW_NO, BM_NO, REG_BM_NO) VALUES ('F202008120246', 'BM202007200002', 'BM202007170002');
INSERT INTO FOLLOW (FOLLOW_NO, BM_NO, REG_BM_NO) VALUES ('F202008120247', 'BM202007200003', 'BM202008010002');
INSERT INTO FOLLOW (FOLLOW_NO, BM_NO, REG_BM_NO) VALUES ('F202008120248', 'BM202007200003', 'BM202008020003');
INSERT INTO FOLLOW (FOLLOW_NO, BM_NO, REG_BM_NO) VALUES ('F202008120249', 'BM202007230001', 'BM202007140001');
INSERT INTO FOLLOW (FOLLOW_NO, BM_NO, REG_BM_NO) VALUES ('F202008120250', 'BM202007290003', 'BM202007260003');
INSERT INTO FOLLOW (FOLLOW_NO, BM_NO, REG_BM_NO) VALUES ('F202008120251', 'BM202008010001', 'BM202007170002');
INSERT INTO FOLLOW (FOLLOW_NO, BM_NO, REG_BM_NO) VALUES ('F202008120252', 'BM202008010001', 'BM202008010002');
INSERT INTO FOLLOW (FOLLOW_NO, BM_NO, REG_BM_NO) VALUES ('F202008120253', 'BM202008020001', 'BM202007230001');
INSERT INTO FOLLOW (FOLLOW_NO, BM_NO, REG_BM_NO) VALUES ('F202008120254', 'BM202008020001', 'BM202007200002');
INSERT INTO FOLLOW (FOLLOW_NO, BM_NO, REG_BM_NO) VALUES ('F202008120255', 'BM202008020002', 'BM202008020001');
INSERT INTO FOLLOW (FOLLOW_NO, BM_NO, REG_BM_NO) VALUES ('F202008120256', 'BM202007080002', 'BM202007080001');
INSERT INTO FOLLOW (FOLLOW_NO, BM_NO, REG_BM_NO) VALUES ('F202008120257', 'BM202007110002', 'BM202007080003');
INSERT INTO FOLLOW (FOLLOW_NO, BM_NO, REG_BM_NO) VALUES ('F202008120258', 'BM202007110002', 'BM202007200001');
INSERT INTO FOLLOW (FOLLOW_NO, BM_NO, REG_BM_NO) VALUES ('F202008120259', 'BM202007140001', 'BM202007080002');
INSERT INTO FOLLOW (FOLLOW_NO, BM_NO, REG_BM_NO) VALUES ('F202008120260', 'BM202007170002', 'BM202007080003');
INSERT INTO FOLLOW (FOLLOW_NO, BM_NO, REG_BM_NO) VALUES ('F202008120261', 'BM202007200001', 'BM202008020003');

-- 메인 게시물 테이블 샘플 데이터 삽입.
INSERT INTO FEED (FEED_NO, BM_NO, FEED_TYPE_CD, FEED_TITLE, FEED_CONTENT, FEED_DELETEYN, FEED_INSERTDATE, FEED_UPDATEDATE, FEED_DELETEDATE) VALUES ('FEED202008010001', 'BM202007080001', 'FEEDCAT0001', '의류제목1', '의류내용1', DEFAULT, DEFAULT, DEFAULT, NULL);
INSERT INTO FEED (FEED_NO, BM_NO, FEED_TYPE_CD, FEED_TITLE, FEED_CONTENT, FEED_DELETEYN, FEED_INSERTDATE, FEED_UPDATEDATE, FEED_DELETEDATE) VALUES ('FEED202008010002', 'BM202007080002', 'FEEDCAT0001', '의류제목2', '의류내용2', DEFAULT, DEFAULT, DEFAULT, NULL);
INSERT INTO FEED (FEED_NO, BM_NO, FEED_TYPE_CD, FEED_TITLE, FEED_CONTENT, FEED_DELETEYN, FEED_INSERTDATE, FEED_UPDATEDATE, FEED_DELETEDATE) VALUES ('FEED202008010003', 'BM202007080003', 'FEEDCAT0001', '의류제목3', '의류내용3', DEFAULT, DEFAULT, DEFAULT, NULL);
INSERT INTO FEED (FEED_NO, BM_NO, FEED_TYPE_CD, FEED_TITLE, FEED_CONTENT, FEED_DELETEYN, FEED_INSERTDATE, FEED_UPDATEDATE, FEED_DELETEDATE) VALUES ('FEED202008010004', 'BM202007110001', 'FEEDCAT0001', '의류제목4', '의류내용4', DEFAULT, DEFAULT, DEFAULT, NULL);
INSERT INTO FEED (FEED_NO, BM_NO, FEED_TYPE_CD, FEED_TITLE, FEED_CONTENT, FEED_DELETEYN, FEED_INSERTDATE, FEED_UPDATEDATE, FEED_DELETEDATE) VALUES ('FEED202008010005', 'BM202007110002', 'FEEDCAT0001', '의류제목5', '의류내용5', DEFAULT, DEFAULT, DEFAULT, NULL);
INSERT INTO FEED (FEED_NO, BM_NO, FEED_TYPE_CD, FEED_TITLE, FEED_CONTENT, FEED_DELETEYN, FEED_INSERTDATE, FEED_UPDATEDATE, FEED_DELETEDATE) VALUES ('FEED202008010006', 'BM202007110003', 'FEEDCAT0001', '의류제목6', '의류내용6', DEFAULT, DEFAULT, DEFAULT, NULL);
INSERT INTO FEED (FEED_NO, BM_NO, FEED_TYPE_CD, FEED_TITLE, FEED_CONTENT, FEED_DELETEYN, FEED_INSERTDATE, FEED_UPDATEDATE, FEED_DELETEDATE) VALUES ('FEED202008010007', 'BM202007140001', 'FEEDCAT0001', '의류제목7', '의류내용7', DEFAULT, DEFAULT, DEFAULT, NULL);
INSERT INTO FEED (FEED_NO, BM_NO, FEED_TYPE_CD, FEED_TITLE, FEED_CONTENT, FEED_DELETEYN, FEED_INSERTDATE, FEED_UPDATEDATE, FEED_DELETEDATE) VALUES ('FEED202008010008', 'BM202007140002', 'FEEDCAT0001', '의류제목8', '의류내용8', DEFAULT, DEFAULT, DEFAULT, NULL);
INSERT INTO FEED (FEED_NO, BM_NO, FEED_TYPE_CD, FEED_TITLE, FEED_CONTENT, FEED_DELETEYN, FEED_INSERTDATE, FEED_UPDATEDATE, FEED_DELETEDATE) VALUES ('FEED202008010009', 'BM202007140003', 'FEEDCAT0001', '의류제목9', '의류내용9', DEFAULT, DEFAULT, DEFAULT, NULL);
INSERT INTO FEED (FEED_NO, BM_NO, FEED_TYPE_CD, FEED_TITLE, FEED_CONTENT, FEED_DELETEYN, FEED_INSERTDATE, FEED_UPDATEDATE, FEED_DELETEDATE) VALUES ('FEED202008010010', 'BM202007170001', 'FEEDCAT0001', '의류제목10', '의류내용10', DEFAULT, DEFAULT, DEFAULT, NULL);
INSERT INTO FEED (FEED_NO, BM_NO, FEED_TYPE_CD, FEED_TITLE, FEED_CONTENT, FEED_DELETEYN, FEED_INSERTDATE, FEED_UPDATEDATE, FEED_DELETEDATE) VALUES ('FEED202008010011', 'BM202007170002', 'FEEDCAT0001', '의류제목11', '의류내용11', DEFAULT, DEFAULT, DEFAULT, NULL);
INSERT INTO FEED (FEED_NO, BM_NO, FEED_TYPE_CD, FEED_TITLE, FEED_CONTENT, FEED_DELETEYN, FEED_INSERTDATE, FEED_UPDATEDATE, FEED_DELETEDATE) VALUES ('FEED202008010012', 'BM202007170003', 'FEEDCAT0001', '의류제목12', '의류내용12', DEFAULT, DEFAULT, DEFAULT, NULL);
INSERT INTO FEED (FEED_NO, BM_NO, FEED_TYPE_CD, FEED_TITLE, FEED_CONTENT, FEED_DELETEYN, FEED_INSERTDATE, FEED_UPDATEDATE, FEED_DELETEDATE) VALUES ('FEED202008010013', 'BM202007200001', 'FEEDCAT0001', '의류제목13', '의류내용13', DEFAULT, DEFAULT, DEFAULT, NULL);
INSERT INTO FEED (FEED_NO, BM_NO, FEED_TYPE_CD, FEED_TITLE, FEED_CONTENT, FEED_DELETEYN, FEED_INSERTDATE, FEED_UPDATEDATE, FEED_DELETEDATE) VALUES ('FEED202008010014', 'BM202007200002', 'FEEDCAT0001', '의류제목14', '의류내용14', DEFAULT, DEFAULT, DEFAULT, NULL);
INSERT INTO FEED (FEED_NO, BM_NO, FEED_TYPE_CD, FEED_TITLE, FEED_CONTENT, FEED_DELETEYN, FEED_INSERTDATE, FEED_UPDATEDATE, FEED_DELETEDATE) VALUES ('FEED202008010015', 'BM202007200003', 'FEEDCAT0001', '의류제목15', '의류내용15', DEFAULT, DEFAULT, DEFAULT, NULL);
INSERT INTO FEED (FEED_NO, BM_NO, FEED_TYPE_CD, FEED_TITLE, FEED_CONTENT, FEED_DELETEYN, FEED_INSERTDATE, FEED_UPDATEDATE, FEED_DELETEDATE) VALUES ('FEED202008010016', 'BM202007230001', 'FEEDCAT0001', '의류제목16', '의류내용16', DEFAULT, DEFAULT, DEFAULT, NULL);
INSERT INTO FEED (FEED_NO, BM_NO, FEED_TYPE_CD, FEED_TITLE, FEED_CONTENT, FEED_DELETEYN, FEED_INSERTDATE, FEED_UPDATEDATE, FEED_DELETEDATE) VALUES ('FEED202008010017', 'BM202007230002', 'FEEDCAT0001', '의류제목17', '의류내용17', DEFAULT, DEFAULT, DEFAULT, NULL);
INSERT INTO FEED (FEED_NO, BM_NO, FEED_TYPE_CD, FEED_TITLE, FEED_CONTENT, FEED_DELETEYN, FEED_INSERTDATE, FEED_UPDATEDATE, FEED_DELETEDATE) VALUES ('FEED202008010018', 'BM202007230003', 'FEEDCAT0001', '의류제목18', '의류내용18', DEFAULT, DEFAULT, DEFAULT, NULL);
INSERT INTO FEED (FEED_NO, BM_NO, FEED_TYPE_CD, FEED_TITLE, FEED_CONTENT, FEED_DELETEYN, FEED_INSERTDATE, FEED_UPDATEDATE, FEED_DELETEDATE) VALUES ('FEED202008010019', 'BM202007260001', 'FEEDCAT0001', '의류제목19', '의류내용19', DEFAULT, DEFAULT, DEFAULT, NULL);
INSERT INTO FEED (FEED_NO, BM_NO, FEED_TYPE_CD, FEED_TITLE, FEED_CONTENT, FEED_DELETEYN, FEED_INSERTDATE, FEED_UPDATEDATE, FEED_DELETEDATE) VALUES ('FEED202008010020', 'BM202007260002', 'FEEDCAT0001', '의류제목20', '의류내용20', DEFAULT, DEFAULT, DEFAULT, NULL);
INSERT INTO FEED (FEED_NO, BM_NO, FEED_TYPE_CD, FEED_TITLE, FEED_CONTENT, FEED_DELETEYN, FEED_INSERTDATE, FEED_UPDATEDATE, FEED_DELETEDATE) VALUES ('FEED202008010021', 'BM202007260003', 'FEEDCAT0001', '의류제목21', '의류내용21', DEFAULT, DEFAULT, DEFAULT, NULL);
INSERT INTO FEED (FEED_NO, BM_NO, FEED_TYPE_CD, FEED_TITLE, FEED_CONTENT, FEED_DELETEYN, FEED_INSERTDATE, FEED_UPDATEDATE, FEED_DELETEDATE) VALUES ('FEED202008010022', 'BM202007290001', 'FEEDCAT0001', '의류제목22', '의류내용22', DEFAULT, DEFAULT, DEFAULT, NULL);
INSERT INTO FEED (FEED_NO, BM_NO, FEED_TYPE_CD, FEED_TITLE, FEED_CONTENT, FEED_DELETEYN, FEED_INSERTDATE, FEED_UPDATEDATE, FEED_DELETEDATE) VALUES ('FEED202008010023', 'BM202007290002', 'FEEDCAT0001', '의류제목23', '의류내용23', DEFAULT, DEFAULT, DEFAULT, NULL);
INSERT INTO FEED (FEED_NO, BM_NO, FEED_TYPE_CD, FEED_TITLE, FEED_CONTENT, FEED_DELETEYN, FEED_INSERTDATE, FEED_UPDATEDATE, FEED_DELETEDATE) VALUES ('FEED202008010024', 'BM202007290003', 'FEEDCAT0001', '의류제목24', '의류내용24', DEFAULT, DEFAULT, DEFAULT, NULL);
INSERT INTO FEED (FEED_NO, BM_NO, FEED_TYPE_CD, FEED_TITLE, FEED_CONTENT, FEED_DELETEYN, FEED_INSERTDATE, FEED_UPDATEDATE, FEED_DELETEDATE) VALUES ('FEED202008010025', 'BM202008010001', 'FEEDCAT0001', '의류제목25', '의류내용25', DEFAULT, DEFAULT, DEFAULT, NULL);
INSERT INTO FEED (FEED_NO, BM_NO, FEED_TYPE_CD, FEED_TITLE, FEED_CONTENT, FEED_DELETEYN, FEED_INSERTDATE, FEED_UPDATEDATE, FEED_DELETEDATE) VALUES ('FEED202008010026', 'BM202008010002', 'FEEDCAT0001', '의류제목26', '의류내용26', DEFAULT, DEFAULT, DEFAULT, NULL);
INSERT INTO FEED (FEED_NO, BM_NO, FEED_TYPE_CD, FEED_TITLE, FEED_CONTENT, FEED_DELETEYN, FEED_INSERTDATE, FEED_UPDATEDATE, FEED_DELETEDATE) VALUES ('FEED202008010027', 'BM202008010003', 'FEEDCAT0001', '의류제목27', '의류내용27', DEFAULT, DEFAULT, DEFAULT, NULL);
INSERT INTO FEED (FEED_NO, BM_NO, FEED_TYPE_CD, FEED_TITLE, FEED_CONTENT, FEED_DELETEYN, FEED_INSERTDATE, FEED_UPDATEDATE, FEED_DELETEDATE) VALUES ('FEED202008010028', 'BM202008020001', 'FEEDCAT0001', '의류제목28', '의류내용28', DEFAULT, DEFAULT, DEFAULT, NULL);
INSERT INTO FEED (FEED_NO, BM_NO, FEED_TYPE_CD, FEED_TITLE, FEED_CONTENT, FEED_DELETEYN, FEED_INSERTDATE, FEED_UPDATEDATE, FEED_DELETEDATE) VALUES ('FEED202008010029', 'BM202008020002', 'FEEDCAT0001', '의류제목29', '의류내용29', DEFAULT, DEFAULT, DEFAULT, NULL);
INSERT INTO FEED (FEED_NO, BM_NO, FEED_TYPE_CD, FEED_TITLE, FEED_CONTENT, FEED_DELETEYN, FEED_INSERTDATE, FEED_UPDATEDATE, FEED_DELETEDATE) VALUES ('FEED202008010030', 'BM202008020003', 'FEEDCAT0001', '의류제목30', '의류내용30', DEFAULT, DEFAULT, DEFAULT, NULL);
INSERT INTO FEED (FEED_NO, BM_NO, FEED_TYPE_CD, FEED_TITLE, FEED_CONTENT, FEED_DELETEYN, FEED_INSERTDATE, FEED_UPDATEDATE, FEED_DELETEDATE) VALUES ('FEED202008010031', 'BM202007080001', 'FEEDCAT0001', '의류제목31', '의류내용31', DEFAULT, DEFAULT, DEFAULT, NULL);
INSERT INTO FEED (FEED_NO, BM_NO, FEED_TYPE_CD, FEED_TITLE, FEED_CONTENT, FEED_DELETEYN, FEED_INSERTDATE, FEED_UPDATEDATE, FEED_DELETEDATE) VALUES ('FEED202008010032', 'BM202007080002', 'FEEDCAT0001', '의류제목32', '의류내용32', DEFAULT, DEFAULT, DEFAULT, NULL);
INSERT INTO FEED (FEED_NO, BM_NO, FEED_TYPE_CD, FEED_TITLE, FEED_CONTENT, FEED_DELETEYN, FEED_INSERTDATE, FEED_UPDATEDATE, FEED_DELETEDATE) VALUES ('FEED202008010033', 'BM202007080003', 'FEEDCAT0001', '의류제목33', '의류내용33', DEFAULT, DEFAULT, DEFAULT, NULL);
INSERT INTO FEED (FEED_NO, BM_NO, FEED_TYPE_CD, FEED_TITLE, FEED_CONTENT, FEED_DELETEYN, FEED_INSERTDATE, FEED_UPDATEDATE, FEED_DELETEDATE) VALUES ('FEED202008010034', 'BM202007110001', 'FEEDCAT0001', '의류제목34', '의류내용34', DEFAULT, DEFAULT, DEFAULT, NULL);
INSERT INTO FEED (FEED_NO, BM_NO, FEED_TYPE_CD, FEED_TITLE, FEED_CONTENT, FEED_DELETEYN, FEED_INSERTDATE, FEED_UPDATEDATE, FEED_DELETEDATE) VALUES ('FEED202008010035', 'BM202007110002', 'FEEDCAT0001', '의류제목35', '의류내용35', DEFAULT, DEFAULT, DEFAULT, NULL);
INSERT INTO FEED (FEED_NO, BM_NO, FEED_TYPE_CD, FEED_TITLE, FEED_CONTENT, FEED_DELETEYN, FEED_INSERTDATE, FEED_UPDATEDATE, FEED_DELETEDATE) VALUES ('FEED202008010036', 'BM202007110003', 'FEEDCAT0001', '의류제목36', '의류내용36', DEFAULT, DEFAULT, DEFAULT, NULL);
INSERT INTO FEED (FEED_NO, BM_NO, FEED_TYPE_CD, FEED_TITLE, FEED_CONTENT, FEED_DELETEYN, FEED_INSERTDATE, FEED_UPDATEDATE, FEED_DELETEDATE) VALUES ('FEED202008010037', 'BM202007140001', 'FEEDCAT0001', '의류제목37', '의류내용37', DEFAULT, DEFAULT, DEFAULT, NULL);
INSERT INTO FEED (FEED_NO, BM_NO, FEED_TYPE_CD, FEED_TITLE, FEED_CONTENT, FEED_DELETEYN, FEED_INSERTDATE, FEED_UPDATEDATE, FEED_DELETEDATE) VALUES ('FEED202008010038', 'BM202007140002', 'FEEDCAT0001', '의류제목38', '의류내용38', DEFAULT, DEFAULT, DEFAULT, NULL);
INSERT INTO FEED (FEED_NO, BM_NO, FEED_TYPE_CD, FEED_TITLE, FEED_CONTENT, FEED_DELETEYN, FEED_INSERTDATE, FEED_UPDATEDATE, FEED_DELETEDATE) VALUES ('FEED202008010039', 'BM202007140003', 'FEEDCAT0001', '의류제목39', '의류내용39', DEFAULT, DEFAULT, DEFAULT, NULL);
INSERT INTO FEED (FEED_NO, BM_NO, FEED_TYPE_CD, FEED_TITLE, FEED_CONTENT, FEED_DELETEYN, FEED_INSERTDATE, FEED_UPDATEDATE, FEED_DELETEDATE) VALUES ('FEED202008010040', 'BM202007170001', 'FEEDCAT0001', '의류제목40', '의류내용40', DEFAULT, DEFAULT, DEFAULT, NULL);
INSERT INTO FEED (FEED_NO, BM_NO, FEED_TYPE_CD, FEED_TITLE, FEED_CONTENT, FEED_DELETEYN, FEED_INSERTDATE, FEED_UPDATEDATE, FEED_DELETEDATE) VALUES ('FEED202008010041', 'BM202007170002', 'FEEDCAT0001', '의류제목41', '의류내용41', DEFAULT, DEFAULT, DEFAULT, NULL);
INSERT INTO FEED (FEED_NO, BM_NO, FEED_TYPE_CD, FEED_TITLE, FEED_CONTENT, FEED_DELETEYN, FEED_INSERTDATE, FEED_UPDATEDATE, FEED_DELETEDATE) VALUES ('FEED202008010042', 'BM202007170003', 'FEEDCAT0001', '의류제목42', '의류내용42', DEFAULT, DEFAULT, DEFAULT, NULL);
INSERT INTO FEED (FEED_NO, BM_NO, FEED_TYPE_CD, FEED_TITLE, FEED_CONTENT, FEED_DELETEYN, FEED_INSERTDATE, FEED_UPDATEDATE, FEED_DELETEDATE) VALUES ('FEED202008010043', 'BM202007200001', 'FEEDCAT0001', '의류제목43', '의류내용43', DEFAULT, DEFAULT, DEFAULT, NULL);
INSERT INTO FEED (FEED_NO, BM_NO, FEED_TYPE_CD, FEED_TITLE, FEED_CONTENT, FEED_DELETEYN, FEED_INSERTDATE, FEED_UPDATEDATE, FEED_DELETEDATE) VALUES ('FEED202008010044', 'BM202007200002', 'FEEDCAT0001', '의류제목44', '의류내용44', DEFAULT, DEFAULT, DEFAULT, NULL);
INSERT INTO FEED (FEED_NO, BM_NO, FEED_TYPE_CD, FEED_TITLE, FEED_CONTENT, FEED_DELETEYN, FEED_INSERTDATE, FEED_UPDATEDATE, FEED_DELETEDATE) VALUES ('FEED202008010045', 'BM202007200003', 'FEEDCAT0001', '의류제목45', '의류내용45', DEFAULT, DEFAULT, DEFAULT, NULL);
INSERT INTO FEED (FEED_NO, BM_NO, FEED_TYPE_CD, FEED_TITLE, FEED_CONTENT, FEED_DELETEYN, FEED_INSERTDATE, FEED_UPDATEDATE, FEED_DELETEDATE) VALUES ('FEED202008010046', 'BM202007230001', 'FEEDCAT0001', '의류제목46', '의류내용46', DEFAULT, DEFAULT, DEFAULT, NULL);
INSERT INTO FEED (FEED_NO, BM_NO, FEED_TYPE_CD, FEED_TITLE, FEED_CONTENT, FEED_DELETEYN, FEED_INSERTDATE, FEED_UPDATEDATE, FEED_DELETEDATE) VALUES ('FEED202008010047', 'BM202007230002', 'FEEDCAT0001', '의류제목47', '의류내용47', DEFAULT, DEFAULT, DEFAULT, NULL);
INSERT INTO FEED (FEED_NO, BM_NO, FEED_TYPE_CD, FEED_TITLE, FEED_CONTENT, FEED_DELETEYN, FEED_INSERTDATE, FEED_UPDATEDATE, FEED_DELETEDATE) VALUES ('FEED202008010048', 'BM202007230003', 'FEEDCAT0001', '의류제목48', '의류내용48', DEFAULT, DEFAULT, DEFAULT, NULL);
INSERT INTO FEED (FEED_NO, BM_NO, FEED_TYPE_CD, FEED_TITLE, FEED_CONTENT, FEED_DELETEYN, FEED_INSERTDATE, FEED_UPDATEDATE, FEED_DELETEDATE) VALUES ('FEED202008020001', 'BM202007140002', 'FEEDCAT0002', '잡화제목1', '잡화내용1', DEFAULT, DEFAULT, DEFAULT, NULL);
INSERT INTO FEED (FEED_NO, BM_NO, FEED_TYPE_CD, FEED_TITLE, FEED_CONTENT, FEED_DELETEYN, FEED_INSERTDATE, FEED_UPDATEDATE, FEED_DELETEDATE) VALUES ('FEED202008020002', 'BM202007140003', 'FEEDCAT0002', '잡화제목2', '잡화내용2', DEFAULT, DEFAULT, DEFAULT, NULL);
INSERT INTO FEED (FEED_NO, BM_NO, FEED_TYPE_CD, FEED_TITLE, FEED_CONTENT, FEED_DELETEYN, FEED_INSERTDATE, FEED_UPDATEDATE, FEED_DELETEDATE) VALUES ('FEED202008020003', 'BM202007170001', 'FEEDCAT0002', '잡화제목3', '잡화내용3', DEFAULT, DEFAULT, DEFAULT, NULL);
INSERT INTO FEED (FEED_NO, BM_NO, FEED_TYPE_CD, FEED_TITLE, FEED_CONTENT, FEED_DELETEYN, FEED_INSERTDATE, FEED_UPDATEDATE, FEED_DELETEDATE) VALUES ('FEED202008020004', 'BM202007170002', 'FEEDCAT0002', '잡화제목4', '잡화내용4', DEFAULT, DEFAULT, DEFAULT, NULL);
INSERT INTO FEED (FEED_NO, BM_NO, FEED_TYPE_CD, FEED_TITLE, FEED_CONTENT, FEED_DELETEYN, FEED_INSERTDATE, FEED_UPDATEDATE, FEED_DELETEDATE) VALUES ('FEED202008020005', 'BM202007170003', 'FEEDCAT0002', '잡화제목5', '잡화내용5', DEFAULT, DEFAULT, DEFAULT, NULL);
INSERT INTO FEED (FEED_NO, BM_NO, FEED_TYPE_CD, FEED_TITLE, FEED_CONTENT, FEED_DELETEYN, FEED_INSERTDATE, FEED_UPDATEDATE, FEED_DELETEDATE) VALUES ('FEED202008020006', 'BM202007200001', 'FEEDCAT0002', '잡화제목6', '잡화내용6', DEFAULT, DEFAULT, DEFAULT, NULL);
INSERT INTO FEED (FEED_NO, BM_NO, FEED_TYPE_CD, FEED_TITLE, FEED_CONTENT, FEED_DELETEYN, FEED_INSERTDATE, FEED_UPDATEDATE, FEED_DELETEDATE) VALUES ('FEED202008020007', 'BM202007200002', 'FEEDCAT0002', '잡화제목7', '잡화내용7', DEFAULT, DEFAULT, DEFAULT, NULL);
INSERT INTO FEED (FEED_NO, BM_NO, FEED_TYPE_CD, FEED_TITLE, FEED_CONTENT, FEED_DELETEYN, FEED_INSERTDATE, FEED_UPDATEDATE, FEED_DELETEDATE) VALUES ('FEED202008030001', 'BM202007260001', 'FEEDCAT0003', '코스메틱제목1', '코스메틱내용1', DEFAULT, DEFAULT, DEFAULT, NULL);
INSERT INTO FEED (FEED_NO, BM_NO, FEED_TYPE_CD, FEED_TITLE, FEED_CONTENT, FEED_DELETEYN, FEED_INSERTDATE, FEED_UPDATEDATE, FEED_DELETEDATE) VALUES ('FEED202008030002', 'BM202007260002', 'FEEDCAT0003', '코스메틱제목2', '코스메틱내용2', DEFAULT, DEFAULT, DEFAULT, NULL);
INSERT INTO FEED (FEED_NO, BM_NO, FEED_TYPE_CD, FEED_TITLE, FEED_CONTENT, FEED_DELETEYN, FEED_INSERTDATE, FEED_UPDATEDATE, FEED_DELETEDATE) VALUES ('FEED202008030003', 'BM202007260003', 'FEEDCAT0003', '코스메틱제목3', '코스메틱내용3', DEFAULT, DEFAULT, DEFAULT, NULL);
INSERT INTO FEED (FEED_NO, BM_NO, FEED_TYPE_CD, FEED_TITLE, FEED_CONTENT, FEED_DELETEYN, FEED_INSERTDATE, FEED_UPDATEDATE, FEED_DELETEDATE) VALUES ('FEED202008030004', 'BM202007290001', 'FEEDCAT0003', '코스메틱제목4', '코스메틱내용4', DEFAULT, DEFAULT, DEFAULT, NULL);
INSERT INTO FEED (FEED_NO, BM_NO, FEED_TYPE_CD, FEED_TITLE, FEED_CONTENT, FEED_DELETEYN, FEED_INSERTDATE, FEED_UPDATEDATE, FEED_DELETEDATE) VALUES ('FEED202008030005', 'BM202007290002', 'FEEDCAT0003', '코스메틱제목5', '코스메틱내용5', DEFAULT, DEFAULT, DEFAULT, NULL);
INSERT INTO FEED (FEED_NO, BM_NO, FEED_TYPE_CD, FEED_TITLE, FEED_CONTENT, FEED_DELETEYN, FEED_INSERTDATE, FEED_UPDATEDATE, FEED_DELETEDATE) VALUES ('FEED202008030006', 'BM202007290003', 'FEEDCAT0003', '코스메틱제목6', '코스메틱내용6', DEFAULT, DEFAULT, DEFAULT, NULL);
INSERT INTO FEED (FEED_NO, BM_NO, FEED_TYPE_CD, FEED_TITLE, FEED_CONTENT, FEED_DELETEYN, FEED_INSERTDATE, FEED_UPDATEDATE, FEED_DELETEDATE) VALUES ('FEED202008030007', 'BM202008010001', 'FEEDCAT0003', '코스메틱제목7', '코스메틱내용7', DEFAULT, DEFAULT, DEFAULT, NULL);
INSERT INTO FEED (FEED_NO, BM_NO, FEED_TYPE_CD, FEED_TITLE, FEED_CONTENT, FEED_DELETEYN, FEED_INSERTDATE, FEED_UPDATEDATE, FEED_DELETEDATE) VALUES ('FEED202008030008', 'BM202008010002', 'FEEDCAT0003', '코스메틱제목8', '코스메틱내용8', DEFAULT, DEFAULT, DEFAULT, NULL);
INSERT INTO FEED (FEED_NO, BM_NO, FEED_TYPE_CD, FEED_TITLE, FEED_CONTENT, FEED_DELETEYN, FEED_INSERTDATE, FEED_UPDATEDATE, FEED_DELETEDATE) VALUES ('FEED202008030009', 'BM202008010003', 'FEEDCAT0003', '코스메틱제목9', '코스메틱내용9', DEFAULT, DEFAULT, DEFAULT, NULL);
INSERT INTO FEED (FEED_NO, BM_NO, FEED_TYPE_CD, FEED_TITLE, FEED_CONTENT, FEED_DELETEYN, FEED_INSERTDATE, FEED_UPDATEDATE, FEED_DELETEDATE) VALUES ('FEED202008030010', 'BM202008020001', 'FEEDCAT0003', '코스메틱제목10', '코스메틱내용10', DEFAULT, DEFAULT, DEFAULT, NULL);
INSERT INTO FEED (FEED_NO, BM_NO, FEED_TYPE_CD, FEED_TITLE, FEED_CONTENT, FEED_DELETEYN, FEED_INSERTDATE, FEED_UPDATEDATE, FEED_DELETEDATE) VALUES ('FEED202008030011', 'BM202008020002', 'FEEDCAT0003', '코스메틱제목11', '코스메틱내용11', DEFAULT, DEFAULT, DEFAULT, NULL);
INSERT INTO FEED (FEED_NO, BM_NO, FEED_TYPE_CD, FEED_TITLE, FEED_CONTENT, FEED_DELETEYN, FEED_INSERTDATE, FEED_UPDATEDATE, FEED_DELETEDATE) VALUES ('FEED202008030012', 'BM202008020003', 'FEEDCAT0003', '코스메틱제목12', '코스메틱내용12', DEFAULT, DEFAULT, DEFAULT, NULL);
INSERT INTO FEED (FEED_NO, BM_NO, FEED_TYPE_CD, FEED_TITLE, FEED_CONTENT, FEED_DELETEYN, FEED_INSERTDATE, FEED_UPDATEDATE, FEED_DELETEDATE) VALUES ('FEED202008030013', 'BM202007080001', 'FEEDCAT0003', '코스메틱제목13', '코스메틱내용13', DEFAULT, DEFAULT, DEFAULT, NULL);
INSERT INTO FEED (FEED_NO, BM_NO, FEED_TYPE_CD, FEED_TITLE, FEED_CONTENT, FEED_DELETEYN, FEED_INSERTDATE, FEED_UPDATEDATE, FEED_DELETEDATE) VALUES ('FEED202008030014', 'BM202007080002', 'FEEDCAT0003', '코스메틱제목14', '코스메틱내용14', DEFAULT, DEFAULT, DEFAULT, NULL);
INSERT INTO FEED (FEED_NO, BM_NO, FEED_TYPE_CD, FEED_TITLE, FEED_CONTENT, FEED_DELETEYN, FEED_INSERTDATE, FEED_UPDATEDATE, FEED_DELETEDATE) VALUES ('FEED202008030015', 'BM202007080003', 'FEEDCAT0003', '코스메틱제목15', '코스메틱내용15', DEFAULT, DEFAULT, DEFAULT, NULL);
INSERT INTO FEED (FEED_NO, BM_NO, FEED_TYPE_CD, FEED_TITLE, FEED_CONTENT, FEED_DELETEYN, FEED_INSERTDATE, FEED_UPDATEDATE, FEED_DELETEDATE) VALUES ('FEED202008030016', 'BM202007110001', 'FEEDCAT0003', '코스메틱제목16', '코스메틱내용16', DEFAULT, DEFAULT, DEFAULT, NULL);
INSERT INTO FEED (FEED_NO, BM_NO, FEED_TYPE_CD, FEED_TITLE, FEED_CONTENT, FEED_DELETEYN, FEED_INSERTDATE, FEED_UPDATEDATE, FEED_DELETEDATE) VALUES ('FEED202008030017', 'BM202007110002', 'FEEDCAT0003', '코스메틱제목17', '코스메틱내용17', DEFAULT, DEFAULT, DEFAULT, NULL);
INSERT INTO FEED (FEED_NO, BM_NO, FEED_TYPE_CD, FEED_TITLE, FEED_CONTENT, FEED_DELETEYN, FEED_INSERTDATE, FEED_UPDATEDATE, FEED_DELETEDATE) VALUES ('FEED202008030018', 'BM202007110003', 'FEEDCAT0003', '코스메틱제목18', '코스메틱내용18', DEFAULT, DEFAULT, DEFAULT, NULL);
INSERT INTO FEED (FEED_NO, BM_NO, FEED_TYPE_CD, FEED_TITLE, FEED_CONTENT, FEED_DELETEYN, FEED_INSERTDATE, FEED_UPDATEDATE, FEED_DELETEDATE) VALUES ('FEED202008030019', 'BM202007140001', 'FEEDCAT0003', '코스메틱제목19', '코스메틱내용19', DEFAULT, DEFAULT, DEFAULT, NULL);

-- 좋아요 테이블 샘플 데이터 삽입.
INSERT INTO FEEDLIKE (FL_NO, FEED_NO, BM_NO) VALUES ('FL202008130001', 'FEED202008010001', 'BM202007080001');
INSERT INTO FEEDLIKE (FL_NO, FEED_NO, BM_NO) VALUES ('FL202008130002', 'FEED202008010001', 'BM202007080002');
INSERT INTO FEEDLIKE (FL_NO, FEED_NO, BM_NO) VALUES ('FL202008130003', 'FEED202008010002', 'BM202007080003');
INSERT INTO FEEDLIKE (FL_NO, FEED_NO, BM_NO) VALUES ('FL202008130004', 'FEED202008010003', 'BM202007110001');
INSERT INTO FEEDLIKE (FL_NO, FEED_NO, BM_NO) VALUES ('FL202008130005', 'FEED202008010003', 'BM202007110002');
INSERT INTO FEEDLIKE (FL_NO, FEED_NO, BM_NO) VALUES ('FL202008130006', 'FEED202008010004', 'BM202007110003');
INSERT INTO FEEDLIKE (FL_NO, FEED_NO, BM_NO) VALUES ('FL202008130007', 'FEED202008010005', 'BM202007140001');
INSERT INTO FEEDLIKE (FL_NO, FEED_NO, BM_NO) VALUES ('FL202008130008', 'FEED202008010006', 'BM202007140002');
INSERT INTO FEEDLIKE (FL_NO, FEED_NO, BM_NO) VALUES ('FL202008130009', 'FEED202008010007', 'BM202007140003');
INSERT INTO FEEDLIKE (FL_NO, FEED_NO, BM_NO) VALUES ('FL202008130010', 'FEED202008010008', 'BM202007170001');
INSERT INTO FEEDLIKE (FL_NO, FEED_NO, BM_NO) VALUES ('FL202008130011', 'FEED202008010009', 'BM202007170002');
INSERT INTO FEEDLIKE (FL_NO, FEED_NO, BM_NO) VALUES ('FL202008130012', 'FEED202008010010', 'BM202007170003');
INSERT INTO FEEDLIKE (FL_NO, FEED_NO, BM_NO) VALUES ('FL202008130013', 'FEED202008010011', 'BM202007200001');
INSERT INTO FEEDLIKE (FL_NO, FEED_NO, BM_NO) VALUES ('FL202008130014', 'FEED202008010011', 'BM202007200002');
INSERT INTO FEEDLIKE (FL_NO, FEED_NO, BM_NO) VALUES ('FL202008130015', 'FEED202008010012', 'BM202007200003');
INSERT INTO FEEDLIKE (FL_NO, FEED_NO, BM_NO) VALUES ('FL202008130016', 'FEED202008010012', 'BM202007230001');
INSERT INTO FEEDLIKE (FL_NO, FEED_NO, BM_NO) VALUES ('FL202008130017', 'FEED202008010013', 'BM202007230002');
INSERT INTO FEEDLIKE (FL_NO, FEED_NO, BM_NO) VALUES ('FL202008130018', 'FEED202008010014', 'BM202007230003');
INSERT INTO FEEDLIKE (FL_NO, FEED_NO, BM_NO) VALUES ('FL202008130019', 'FEED202008010014', 'BM202007260001');
INSERT INTO FEEDLIKE (FL_NO, FEED_NO, BM_NO) VALUES ('FL202008130020', 'FEED202008010015', 'BM202007260002');
INSERT INTO FEEDLIKE (FL_NO, FEED_NO, BM_NO) VALUES ('FL202008130021', 'FEED202008010015', 'BM202007260003');
INSERT INTO FEEDLIKE (FL_NO, FEED_NO, BM_NO) VALUES ('FL202008130022', 'FEED202008010016', 'BM202007290001');
INSERT INTO FEEDLIKE (FL_NO, FEED_NO, BM_NO) VALUES ('FL202008130023', 'FEED202008010016', 'BM202007290002');
INSERT INTO FEEDLIKE (FL_NO, FEED_NO, BM_NO) VALUES ('FL202008130024', 'FEED202008010017', 'BM202007290003');
INSERT INTO FEEDLIKE (FL_NO, FEED_NO, BM_NO) VALUES ('FL202008130025', 'FEED202008010018', 'BM202008010001');
INSERT INTO FEEDLIKE (FL_NO, FEED_NO, BM_NO) VALUES ('FL202008130026', 'FEED202008010018', 'BM202008010002');
INSERT INTO FEEDLIKE (FL_NO, FEED_NO, BM_NO) VALUES ('FL202008130027', 'FEED202008010018', 'BM202008010003');
INSERT INTO FEEDLIKE (FL_NO, FEED_NO, BM_NO) VALUES ('FL202008130028', 'FEED202008010018', 'BM202008020001');
INSERT INTO FEEDLIKE (FL_NO, FEED_NO, BM_NO) VALUES ('FL202008130029', 'FEED202008010019', 'BM202008020002');
INSERT INTO FEEDLIKE (FL_NO, FEED_NO, BM_NO) VALUES ('FL202008130030', 'FEED202008010019', 'BM202008020003');
INSERT INTO FEEDLIKE (FL_NO, FEED_NO, BM_NO) VALUES ('FL202008130031', 'FEED202008010020', 'BM202007080001');
INSERT INTO FEEDLIKE (FL_NO, FEED_NO, BM_NO) VALUES ('FL202008130032', 'FEED202008010021', 'BM202007080002');
INSERT INTO FEEDLIKE (FL_NO, FEED_NO, BM_NO) VALUES ('FL202008130033', 'FEED202008010022', 'BM202007080003');
INSERT INTO FEEDLIKE (FL_NO, FEED_NO, BM_NO) VALUES ('FL202008130034', 'FEED202008010022', 'BM202007110001');
INSERT INTO FEEDLIKE (FL_NO, FEED_NO, BM_NO) VALUES ('FL202008130035', 'FEED202008010023', 'BM202007110002');
INSERT INTO FEEDLIKE (FL_NO, FEED_NO, BM_NO) VALUES ('FL202008130036', 'FEED202008010023', 'BM202007110003');
INSERT INTO FEEDLIKE (FL_NO, FEED_NO, BM_NO) VALUES ('FL202008130037', 'FEED202008010023', 'BM202007140001');
INSERT INTO FEEDLIKE (FL_NO, FEED_NO, BM_NO) VALUES ('FL202008130038', 'FEED202008010023', 'BM202007140002');
INSERT INTO FEEDLIKE (FL_NO, FEED_NO, BM_NO) VALUES ('FL202008130039', 'FEED202008010024', 'BM202007140003');
INSERT INTO FEEDLIKE (FL_NO, FEED_NO, BM_NO) VALUES ('FL202008130040', 'FEED202008010024', 'BM202007170001');
INSERT INTO FEEDLIKE (FL_NO, FEED_NO, BM_NO) VALUES ('FL202008130041', 'FEED202008010024', 'BM202007170002');
INSERT INTO FEEDLIKE (FL_NO, FEED_NO, BM_NO) VALUES ('FL202008130042', 'FEED202008010025', 'BM202007170003');
INSERT INTO FEEDLIKE (FL_NO, FEED_NO, BM_NO) VALUES ('FL202008130043', 'FEED202008010026', 'BM202007200001');
INSERT INTO FEEDLIKE (FL_NO, FEED_NO, BM_NO) VALUES ('FL202008130044', 'FEED202008010026', 'BM202007200002');
INSERT INTO FEEDLIKE (FL_NO, FEED_NO, BM_NO) VALUES ('FL202008130045', 'FEED202008010026', 'BM202007200003');
INSERT INTO FEEDLIKE (FL_NO, FEED_NO, BM_NO) VALUES ('FL202008130046', 'FEED202008010026', 'BM202007230001');
INSERT INTO FEEDLIKE (FL_NO, FEED_NO, BM_NO) VALUES ('FL202008130047', 'FEED202008010027', 'BM202007230002');
INSERT INTO FEEDLIKE (FL_NO, FEED_NO, BM_NO) VALUES ('FL202008130048', 'FEED202008010028', 'BM202007230003');
INSERT INTO FEEDLIKE (FL_NO, FEED_NO, BM_NO) VALUES ('FL202008130049', 'FEED202008010028', 'BM202007260001');
INSERT INTO FEEDLIKE (FL_NO, FEED_NO, BM_NO) VALUES ('FL202008130050', 'FEED202008010029', 'BM202007260002');
INSERT INTO FEEDLIKE (FL_NO, FEED_NO, BM_NO) VALUES ('FL202008130051', 'FEED202008010029', 'BM202007260003');
INSERT INTO FEEDLIKE (FL_NO, FEED_NO, BM_NO) VALUES ('FL202008130052', 'FEED202008010029', 'BM202007290001');
INSERT INTO FEEDLIKE (FL_NO, FEED_NO, BM_NO) VALUES ('FL202008130053', 'FEED202008010030', 'BM202007290002');
INSERT INTO FEEDLIKE (FL_NO, FEED_NO, BM_NO) VALUES ('FL202008130054', 'FEED202008010030', 'BM202007290003');
INSERT INTO FEEDLIKE (FL_NO, FEED_NO, BM_NO) VALUES ('FL202008130055', 'FEED202008010031', 'BM202008010001');
INSERT INTO FEEDLIKE (FL_NO, FEED_NO, BM_NO) VALUES ('FL202008130056', 'FEED202008010031', 'BM202008010002');
INSERT INTO FEEDLIKE (FL_NO, FEED_NO, BM_NO) VALUES ('FL202008130057', 'FEED202008010031', 'BM202008010003');
INSERT INTO FEEDLIKE (FL_NO, FEED_NO, BM_NO) VALUES ('FL202008130058', 'FEED202008010031', 'BM202008020001');
INSERT INTO FEEDLIKE (FL_NO, FEED_NO, BM_NO) VALUES ('FL202008130059', 'FEED202008010032', 'BM202008020002');
INSERT INTO FEEDLIKE (FL_NO, FEED_NO, BM_NO) VALUES ('FL202008130060', 'FEED202008010032', 'BM202008020003');
INSERT INTO FEEDLIKE (FL_NO, FEED_NO, BM_NO) VALUES ('FL202008130061', 'FEED202008010032', 'BM202007080001');
INSERT INTO FEEDLIKE (FL_NO, FEED_NO, BM_NO) VALUES ('FL202008130062', 'FEED202008010032', 'BM202007080002');
INSERT INTO FEEDLIKE (FL_NO, FEED_NO, BM_NO) VALUES ('FL202008130063', 'FEED202008010032', 'BM202007080003');
INSERT INTO FEEDLIKE (FL_NO, FEED_NO, BM_NO) VALUES ('FL202008130064', 'FEED202008010032', 'BM202007110001');
INSERT INTO FEEDLIKE (FL_NO, FEED_NO, BM_NO) VALUES ('FL202008130065', 'FEED202008010032', 'BM202007110002');
INSERT INTO FEEDLIKE (FL_NO, FEED_NO, BM_NO) VALUES ('FL202008130066', 'FEED202008010032', 'BM202007110003');
INSERT INTO FEEDLIKE (FL_NO, FEED_NO, BM_NO) VALUES ('FL202008130067', 'FEED202008010032', 'BM202007140001');
INSERT INTO FEEDLIKE (FL_NO, FEED_NO, BM_NO) VALUES ('FL202008130068', 'FEED202008010033', 'BM202007140002');
INSERT INTO FEEDLIKE (FL_NO, FEED_NO, BM_NO) VALUES ('FL202008130069', 'FEED202008010033', 'BM202007140003');
INSERT INTO FEEDLIKE (FL_NO, FEED_NO, BM_NO) VALUES ('FL202008130070', 'FEED202008010034', 'BM202007170001');
INSERT INTO FEEDLIKE (FL_NO, FEED_NO, BM_NO) VALUES ('FL202008130071', 'FEED202008010034', 'BM202007170002');
INSERT INTO FEEDLIKE (FL_NO, FEED_NO, BM_NO) VALUES ('FL202008130072', 'FEED202008010034', 'BM202007170003');
INSERT INTO FEEDLIKE (FL_NO, FEED_NO, BM_NO) VALUES ('FL202008130073', 'FEED202008010034', 'BM202007200001');
INSERT INTO FEEDLIKE (FL_NO, FEED_NO, BM_NO) VALUES ('FL202008130074', 'FEED202008010035', 'BM202007200002');
INSERT INTO FEEDLIKE (FL_NO, FEED_NO, BM_NO) VALUES ('FL202008130075', 'FEED202008010035', 'BM202007200003');
INSERT INTO FEEDLIKE (FL_NO, FEED_NO, BM_NO) VALUES ('FL202008130076', 'FEED202008010035', 'BM202007230001');
INSERT INTO FEEDLIKE (FL_NO, FEED_NO, BM_NO) VALUES ('FL202008130077', 'FEED202008010036', 'BM202007230002');
INSERT INTO FEEDLIKE (FL_NO, FEED_NO, BM_NO) VALUES ('FL202008130078', 'FEED202008010036', 'BM202007230003');
INSERT INTO FEEDLIKE (FL_NO, FEED_NO, BM_NO) VALUES ('FL202008130079', 'FEED202008010036', 'BM202007260001');
INSERT INTO FEEDLIKE (FL_NO, FEED_NO, BM_NO) VALUES ('FL202008130080', 'FEED202008010037', 'BM202007260002');
INSERT INTO FEEDLIKE (FL_NO, FEED_NO, BM_NO) VALUES ('FL202008130081', 'FEED202008010037', 'BM202007260003');
INSERT INTO FEEDLIKE (FL_NO, FEED_NO, BM_NO) VALUES ('FL202008130082', 'FEED202008010038', 'BM202007290001');
INSERT INTO FEEDLIKE (FL_NO, FEED_NO, BM_NO) VALUES ('FL202008130083', 'FEED202008010038', 'BM202007290002');
INSERT INTO FEEDLIKE (FL_NO, FEED_NO, BM_NO) VALUES ('FL202008130084', 'FEED202008010038', 'BM202007290003');
INSERT INTO FEEDLIKE (FL_NO, FEED_NO, BM_NO) VALUES ('FL202008130085', 'FEED202008010039', 'BM202008010001');
INSERT INTO FEEDLIKE (FL_NO, FEED_NO, BM_NO) VALUES ('FL202008130086', 'FEED202008010039', 'BM202008010002');
INSERT INTO FEEDLIKE (FL_NO, FEED_NO, BM_NO) VALUES ('FL202008130087', 'FEED202008010039', 'BM202008010003');
INSERT INTO FEEDLIKE (FL_NO, FEED_NO, BM_NO) VALUES ('FL202008130088', 'FEED202008010040', 'BM202008020001');
INSERT INTO FEEDLIKE (FL_NO, FEED_NO, BM_NO) VALUES ('FL202008130089', 'FEED202008010040', 'BM202008020002');
INSERT INTO FEEDLIKE (FL_NO, FEED_NO, BM_NO) VALUES ('FL202008130090', 'FEED202008010040', 'BM202008020003');
INSERT INTO FEEDLIKE (FL_NO, FEED_NO, BM_NO) VALUES ('FL202008130091', 'FEED202008010041', 'BM202007080001');
INSERT INTO FEEDLIKE (FL_NO, FEED_NO, BM_NO) VALUES ('FL202008130092', 'FEED202008010041', 'BM202007080002');
INSERT INTO FEEDLIKE (FL_NO, FEED_NO, BM_NO) VALUES ('FL202008130093', 'FEED202008010041', 'BM202007080003');
INSERT INTO FEEDLIKE (FL_NO, FEED_NO, BM_NO) VALUES ('FL202008130094', 'FEED202008010041', 'BM202007110001');
INSERT INTO FEEDLIKE (FL_NO, FEED_NO, BM_NO) VALUES ('FL202008130095', 'FEED202008010041', 'BM202007110002');
INSERT INTO FEEDLIKE (FL_NO, FEED_NO, BM_NO) VALUES ('FL202008130096', 'FEED202008010042', 'BM202007110003');
INSERT INTO FEEDLIKE (FL_NO, FEED_NO, BM_NO) VALUES ('FL202008130097', 'FEED202008010042', 'BM202007140001');
INSERT INTO FEEDLIKE (FL_NO, FEED_NO, BM_NO) VALUES ('FL202008130098', 'FEED202008010042', 'BM202007140002');
INSERT INTO FEEDLIKE (FL_NO, FEED_NO, BM_NO) VALUES ('FL202008130099', 'FEED202008010043', 'BM202007140003');
INSERT INTO FEEDLIKE (FL_NO, FEED_NO, BM_NO) VALUES ('FL202008130100', 'FEED202008010043', 'BM202007170001');
INSERT INTO FEEDLIKE (FL_NO, FEED_NO, BM_NO) VALUES ('FL202008130101', 'FEED202008010043', 'BM202007170002');
INSERT INTO FEEDLIKE (FL_NO, FEED_NO, BM_NO) VALUES ('FL202008130102', 'FEED202008010043', 'BM202007170003');
INSERT INTO FEEDLIKE (FL_NO, FEED_NO, BM_NO) VALUES ('FL202008130103', 'FEED202008010044', 'BM202007200001');
INSERT INTO FEEDLIKE (FL_NO, FEED_NO, BM_NO) VALUES ('FL202008130104', 'FEED202008010045', 'BM202007200002');
INSERT INTO FEEDLIKE (FL_NO, FEED_NO, BM_NO) VALUES ('FL202008130105', 'FEED202008010045', 'BM202007200003');
INSERT INTO FEEDLIKE (FL_NO, FEED_NO, BM_NO) VALUES ('FL202008130106', 'FEED202008010045', 'BM202007230001');
INSERT INTO FEEDLIKE (FL_NO, FEED_NO, BM_NO) VALUES ('FL202008130107', 'FEED202008010045', 'BM202007230002');
INSERT INTO FEEDLIKE (FL_NO, FEED_NO, BM_NO) VALUES ('FL202008130108', 'FEED202008010045', 'BM202007230003');
INSERT INTO FEEDLIKE (FL_NO, FEED_NO, BM_NO) VALUES ('FL202008130109', 'FEED202008010045', 'BM202007260001');
INSERT INTO FEEDLIKE (FL_NO, FEED_NO, BM_NO) VALUES ('FL202008130110', 'FEED202008010045', 'BM202007260002');
INSERT INTO FEEDLIKE (FL_NO, FEED_NO, BM_NO) VALUES ('FL202008130111', 'FEED202008010045', 'BM202007260003');
INSERT INTO FEEDLIKE (FL_NO, FEED_NO, BM_NO) VALUES ('FL202008130112', 'FEED202008010046', 'BM202007290001');
INSERT INTO FEEDLIKE (FL_NO, FEED_NO, BM_NO) VALUES ('FL202008130113', 'FEED202008010047', 'BM202007290002');
INSERT INTO FEEDLIKE (FL_NO, FEED_NO, BM_NO) VALUES ('FL202008130114', 'FEED202008010048', 'BM202007290003');
INSERT INTO FEEDLIKE (FL_NO, FEED_NO, BM_NO) VALUES ('FL202008130115', 'FEED202008010048', 'BM202008010001');
INSERT INTO FEEDLIKE (FL_NO, FEED_NO, BM_NO) VALUES ('FL202008130116', 'FEED202008010048', 'BM202008010002');
INSERT INTO FEEDLIKE (FL_NO, FEED_NO, BM_NO) VALUES ('FL202008130117', 'FEED202008020001', 'BM202008010003');
INSERT INTO FEEDLIKE (FL_NO, FEED_NO, BM_NO) VALUES ('FL202008130118', 'FEED202008020001', 'BM202008020001');
INSERT INTO FEEDLIKE (FL_NO, FEED_NO, BM_NO) VALUES ('FL202008130119', 'FEED202008020001', 'BM202008020002');
INSERT INTO FEEDLIKE (FL_NO, FEED_NO, BM_NO) VALUES ('FL202008130120', 'FEED202008020001', 'BM202008020003');
INSERT INTO FEEDLIKE (FL_NO, FEED_NO, BM_NO) VALUES ('FL202008130121', 'FEED202008020001', 'BM202007080001');
INSERT INTO FEEDLIKE (FL_NO, FEED_NO, BM_NO) VALUES ('FL202008130122', 'FEED202008020001', 'BM202007080002');
INSERT INTO FEEDLIKE (FL_NO, FEED_NO, BM_NO) VALUES ('FL202008130123', 'FEED202008020001', 'BM202007080003');
INSERT INTO FEEDLIKE (FL_NO, FEED_NO, BM_NO) VALUES ('FL202008130124', 'FEED202008020002', 'BM202007110001');
INSERT INTO FEEDLIKE (FL_NO, FEED_NO, BM_NO) VALUES ('FL202008130125', 'FEED202008020002', 'BM202007110002');
INSERT INTO FEEDLIKE (FL_NO, FEED_NO, BM_NO) VALUES ('FL202008130126', 'FEED202008020002', 'BM202007110003');
INSERT INTO FEEDLIKE (FL_NO, FEED_NO, BM_NO) VALUES ('FL202008130127', 'FEED202008020002', 'BM202007140001');
INSERT INTO FEEDLIKE (FL_NO, FEED_NO, BM_NO) VALUES ('FL202008130128', 'FEED202008020003', 'BM202007140002');
INSERT INTO FEEDLIKE (FL_NO, FEED_NO, BM_NO) VALUES ('FL202008130129', 'FEED202008020003', 'BM202007140003');
INSERT INTO FEEDLIKE (FL_NO, FEED_NO, BM_NO) VALUES ('FL202008130130', 'FEED202008020003', 'BM202007170001');
INSERT INTO FEEDLIKE (FL_NO, FEED_NO, BM_NO) VALUES ('FL202008130131', 'FEED202008020003', 'BM202007170002');
INSERT INTO FEEDLIKE (FL_NO, FEED_NO, BM_NO) VALUES ('FL202008130132', 'FEED202008020003', 'BM202007170003');
INSERT INTO FEEDLIKE (FL_NO, FEED_NO, BM_NO) VALUES ('FL202008130133', 'FEED202008020004', 'BM202007200001');
INSERT INTO FEEDLIKE (FL_NO, FEED_NO, BM_NO) VALUES ('FL202008130134', 'FEED202008020005', 'BM202007200002');
INSERT INTO FEEDLIKE (FL_NO, FEED_NO, BM_NO) VALUES ('FL202008130135', 'FEED202008020005', 'BM202007200003');
INSERT INTO FEEDLIKE (FL_NO, FEED_NO, BM_NO) VALUES ('FL202008130136', 'FEED202008020006', 'BM202007230001');
INSERT INTO FEEDLIKE (FL_NO, FEED_NO, BM_NO) VALUES ('FL202008130137', 'FEED202008020006', 'BM202007230002');
INSERT INTO FEEDLIKE (FL_NO, FEED_NO, BM_NO) VALUES ('FL202008130138', 'FEED202008020007', 'BM202007230003');
INSERT INTO FEEDLIKE (FL_NO, FEED_NO, BM_NO) VALUES ('FL202008130139', 'FEED202008020007', 'BM202007260001');
INSERT INTO FEEDLIKE (FL_NO, FEED_NO, BM_NO) VALUES ('FL202008130140', 'FEED202008020007', 'BM202007260002');
INSERT INTO FEEDLIKE (FL_NO, FEED_NO, BM_NO) VALUES ('FL202008130141', 'FEED202008020007', 'BM202007260003');
INSERT INTO FEEDLIKE (FL_NO, FEED_NO, BM_NO) VALUES ('FL202008130142', 'FEED202008030001', 'BM202007290001');
INSERT INTO FEEDLIKE (FL_NO, FEED_NO, BM_NO) VALUES ('FL202008130143', 'FEED202008030001', 'BM202007290002');
INSERT INTO FEEDLIKE (FL_NO, FEED_NO, BM_NO) VALUES ('FL202008130144', 'FEED202008030001', 'BM202007290003');
INSERT INTO FEEDLIKE (FL_NO, FEED_NO, BM_NO) VALUES ('FL202008130145', 'FEED202008030002', 'BM202008010001');
INSERT INTO FEEDLIKE (FL_NO, FEED_NO, BM_NO) VALUES ('FL202008130146', 'FEED202008030002', 'BM202008010002');
INSERT INTO FEEDLIKE (FL_NO, FEED_NO, BM_NO) VALUES ('FL202008130147', 'FEED202008030002', 'BM202008010003');
INSERT INTO FEEDLIKE (FL_NO, FEED_NO, BM_NO) VALUES ('FL202008130148', 'FEED202008030002', 'BM202008020001');
INSERT INTO FEEDLIKE (FL_NO, FEED_NO, BM_NO) VALUES ('FL202008130149', 'FEED202008030002', 'BM202008020002');
INSERT INTO FEEDLIKE (FL_NO, FEED_NO, BM_NO) VALUES ('FL202008130150', 'FEED202008030002', 'BM202008020003');
INSERT INTO FEEDLIKE (FL_NO, FEED_NO, BM_NO) VALUES ('FL202008130151', 'FEED202008030003', 'BM202007080001');
INSERT INTO FEEDLIKE (FL_NO, FEED_NO, BM_NO) VALUES ('FL202008130152', 'FEED202008030003', 'BM202007080002');
INSERT INTO FEEDLIKE (FL_NO, FEED_NO, BM_NO) VALUES ('FL202008130153', 'FEED202008030003', 'BM202007080003');
INSERT INTO FEEDLIKE (FL_NO, FEED_NO, BM_NO) VALUES ('FL202008130154', 'FEED202008030003', 'BM202007110001');
INSERT INTO FEEDLIKE (FL_NO, FEED_NO, BM_NO) VALUES ('FL202008130155', 'FEED202008030003', 'BM202007110002');
INSERT INTO FEEDLIKE (FL_NO, FEED_NO, BM_NO) VALUES ('FL202008130156', 'FEED202008030003', 'BM202007110003');
INSERT INTO FEEDLIKE (FL_NO, FEED_NO, BM_NO) VALUES ('FL202008130157', 'FEED202008030004', 'BM202007140001');
INSERT INTO FEEDLIKE (FL_NO, FEED_NO, BM_NO) VALUES ('FL202008130158', 'FEED202008030004', 'BM202007140002');
INSERT INTO FEEDLIKE (FL_NO, FEED_NO, BM_NO) VALUES ('FL202008130159', 'FEED202008030005', 'BM202007140003');
INSERT INTO FEEDLIKE (FL_NO, FEED_NO, BM_NO) VALUES ('FL202008130160', 'FEED202008030005', 'BM202007170001');
INSERT INTO FEEDLIKE (FL_NO, FEED_NO, BM_NO) VALUES ('FL202008130161', 'FEED202008030005', 'BM202007170002');
INSERT INTO FEEDLIKE (FL_NO, FEED_NO, BM_NO) VALUES ('FL202008130162', 'FEED202008030005', 'BM202007170003');
INSERT INTO FEEDLIKE (FL_NO, FEED_NO, BM_NO) VALUES ('FL202008130163', 'FEED202008030005', 'BM202007200001');
INSERT INTO FEEDLIKE (FL_NO, FEED_NO, BM_NO) VALUES ('FL202008130164', 'FEED202008030006', 'BM202007200002');
INSERT INTO FEEDLIKE (FL_NO, FEED_NO, BM_NO) VALUES ('FL202008130165', 'FEED202008030006', 'BM202007200003');
INSERT INTO FEEDLIKE (FL_NO, FEED_NO, BM_NO) VALUES ('FL202008130166', 'FEED202008030006', 'BM202007230001');
INSERT INTO FEEDLIKE (FL_NO, FEED_NO, BM_NO) VALUES ('FL202008130167', 'FEED202008030007', 'BM202007230002');
INSERT INTO FEEDLIKE (FL_NO, FEED_NO, BM_NO) VALUES ('FL202008130168', 'FEED202008030007', 'BM202007230003');
INSERT INTO FEEDLIKE (FL_NO, FEED_NO, BM_NO) VALUES ('FL202008130169', 'FEED202008030007', 'BM202007260001');
INSERT INTO FEEDLIKE (FL_NO, FEED_NO, BM_NO) VALUES ('FL202008130170', 'FEED202008030007', 'BM202007260002');
INSERT INTO FEEDLIKE (FL_NO, FEED_NO, BM_NO) VALUES ('FL202008130171', 'FEED202008030008', 'BM202007260003');
INSERT INTO FEEDLIKE (FL_NO, FEED_NO, BM_NO) VALUES ('FL202008130172', 'FEED202008030008', 'BM202007290001');
INSERT INTO FEEDLIKE (FL_NO, FEED_NO, BM_NO) VALUES ('FL202008130173', 'FEED202008030008', 'BM202007290002');
INSERT INTO FEEDLIKE (FL_NO, FEED_NO, BM_NO) VALUES ('FL202008130174', 'FEED202008030008', 'BM202007290003');
INSERT INTO FEEDLIKE (FL_NO, FEED_NO, BM_NO) VALUES ('FL202008130175', 'FEED202008030008', 'BM202008010001');
INSERT INTO FEEDLIKE (FL_NO, FEED_NO, BM_NO) VALUES ('FL202008130176', 'FEED202008030009', 'BM202008010002');
INSERT INTO FEEDLIKE (FL_NO, FEED_NO, BM_NO) VALUES ('FL202008130177', 'FEED202008030009', 'BM202008010003');
INSERT INTO FEEDLIKE (FL_NO, FEED_NO, BM_NO) VALUES ('FL202008130178', 'FEED202008030009', 'BM202008020001');
INSERT INTO FEEDLIKE (FL_NO, FEED_NO, BM_NO) VALUES ('FL202008130179', 'FEED202008030009', 'BM202008020002');
INSERT INTO FEEDLIKE (FL_NO, FEED_NO, BM_NO) VALUES ('FL202008130180', 'FEED202008030009', 'BM202008020003');
INSERT INTO FEEDLIKE (FL_NO, FEED_NO, BM_NO) VALUES ('FL202008130181', 'FEED202008030009', 'BM202007080001');
INSERT INTO FEEDLIKE (FL_NO, FEED_NO, BM_NO) VALUES ('FL202008130182', 'FEED202008030009', 'BM202007080002');
INSERT INTO FEEDLIKE (FL_NO, FEED_NO, BM_NO) VALUES ('FL202008130183', 'FEED202008030010', 'BM202007080003');
INSERT INTO FEEDLIKE (FL_NO, FEED_NO, BM_NO) VALUES ('FL202008130184', 'FEED202008030010', 'BM202007110001');
INSERT INTO FEEDLIKE (FL_NO, FEED_NO, BM_NO) VALUES ('FL202008130185', 'FEED202008030010', 'BM202007110002');
INSERT INTO FEEDLIKE (FL_NO, FEED_NO, BM_NO) VALUES ('FL202008130186', 'FEED202008030010', 'BM202007110003');
INSERT INTO FEEDLIKE (FL_NO, FEED_NO, BM_NO) VALUES ('FL202008130187', 'FEED202008030010', 'BM202007140001');
INSERT INTO FEEDLIKE (FL_NO, FEED_NO, BM_NO) VALUES ('FL202008130188', 'FEED202008030011', 'BM202007140002');
INSERT INTO FEEDLIKE (FL_NO, FEED_NO, BM_NO) VALUES ('FL202008130189', 'FEED202008030011', 'BM202007140003');
INSERT INTO FEEDLIKE (FL_NO, FEED_NO, BM_NO) VALUES ('FL202008130190', 'FEED202008030011', 'BM202007170001');
INSERT INTO FEEDLIKE (FL_NO, FEED_NO, BM_NO) VALUES ('FL202008130191', 'FEED202008030011', 'BM202007170002');
INSERT INTO FEEDLIKE (FL_NO, FEED_NO, BM_NO) VALUES ('FL202008130192', 'FEED202008030011', 'BM202007170003');
INSERT INTO FEEDLIKE (FL_NO, FEED_NO, BM_NO) VALUES ('FL202008130193', 'FEED202008030011', 'BM202007200001');
INSERT INTO FEEDLIKE (FL_NO, FEED_NO, BM_NO) VALUES ('FL202008130194', 'FEED202008030012', 'BM202007200002');
INSERT INTO FEEDLIKE (FL_NO, FEED_NO, BM_NO) VALUES ('FL202008130195', 'FEED202008030012', 'BM202007200003');
INSERT INTO FEEDLIKE (FL_NO, FEED_NO, BM_NO) VALUES ('FL202008130196', 'FEED202008030012', 'BM202007230001');
INSERT INTO FEEDLIKE (FL_NO, FEED_NO, BM_NO) VALUES ('FL202008130197', 'FEED202008030012', 'BM202007230002');
INSERT INTO FEEDLIKE (FL_NO, FEED_NO, BM_NO) VALUES ('FL202008130198', 'FEED202008030012', 'BM202007230003');
INSERT INTO FEEDLIKE (FL_NO, FEED_NO, BM_NO) VALUES ('FL202008130199', 'FEED202008030013', 'BM202007260001');
INSERT INTO FEEDLIKE (FL_NO, FEED_NO, BM_NO) VALUES ('FL202008130200', 'FEED202008030013', 'BM202007260002');
INSERT INTO FEEDLIKE (FL_NO, FEED_NO, BM_NO) VALUES ('FL202008130201', 'FEED202008030013', 'BM202007260003');
INSERT INTO FEEDLIKE (FL_NO, FEED_NO, BM_NO) VALUES ('FL202008130202', 'FEED202008030013', 'BM202007290001');
INSERT INTO FEEDLIKE (FL_NO, FEED_NO, BM_NO) VALUES ('FL202008130203', 'FEED202008030013', 'BM202007290002');
INSERT INTO FEEDLIKE (FL_NO, FEED_NO, BM_NO) VALUES ('FL202008130204', 'FEED202008030014', 'BM202007290003');
INSERT INTO FEEDLIKE (FL_NO, FEED_NO, BM_NO) VALUES ('FL202008130205', 'FEED202008030014', 'BM202008010001');
INSERT INTO FEEDLIKE (FL_NO, FEED_NO, BM_NO) VALUES ('FL202008130206', 'FEED202008030014', 'BM202008010002');
INSERT INTO FEEDLIKE (FL_NO, FEED_NO, BM_NO) VALUES ('FL202008130207', 'FEED202008030014', 'BM202008010003');
INSERT INTO FEEDLIKE (FL_NO, FEED_NO, BM_NO) VALUES ('FL202008130208', 'FEED202008030014', 'BM202008020001');
INSERT INTO FEEDLIKE (FL_NO, FEED_NO, BM_NO) VALUES ('FL202008130209', 'FEED202008030014', 'BM202008020002');
INSERT INTO FEEDLIKE (FL_NO, FEED_NO, BM_NO) VALUES ('FL202008130210', 'FEED202008030014', 'BM202008020003');
INSERT INTO FEEDLIKE (FL_NO, FEED_NO, BM_NO) VALUES ('FL202008130211', 'FEED202008030014', 'BM202007080001');
INSERT INTO FEEDLIKE (FL_NO, FEED_NO, BM_NO) VALUES ('FL202008130212', 'FEED202008030015', 'BM202007080002');
INSERT INTO FEEDLIKE (FL_NO, FEED_NO, BM_NO) VALUES ('FL202008130213', 'FEED202008030015', 'BM202007080003');
INSERT INTO FEEDLIKE (FL_NO, FEED_NO, BM_NO) VALUES ('FL202008130214', 'FEED202008030015', 'BM202007110001');
INSERT INTO FEEDLIKE (FL_NO, FEED_NO, BM_NO) VALUES ('FL202008130215', 'FEED202008030015', 'BM202007110002');
INSERT INTO FEEDLIKE (FL_NO, FEED_NO, BM_NO) VALUES ('FL202008130216', 'FEED202008030015', 'BM202007110003');
INSERT INTO FEEDLIKE (FL_NO, FEED_NO, BM_NO) VALUES ('FL202008130217', 'FEED202008030016', 'BM202007140001');
INSERT INTO FEEDLIKE (FL_NO, FEED_NO, BM_NO) VALUES ('FL202008130218', 'FEED202008030016', 'BM202007140002');
INSERT INTO FEEDLIKE (FL_NO, FEED_NO, BM_NO) VALUES ('FL202008130219', 'FEED202008030016', 'BM202007140003');
INSERT INTO FEEDLIKE (FL_NO, FEED_NO, BM_NO) VALUES ('FL202008130220', 'FEED202008030016', 'BM202007170001');
INSERT INTO FEEDLIKE (FL_NO, FEED_NO, BM_NO) VALUES ('FL202008130221', 'FEED202008030017', 'BM202007170002');
INSERT INTO FEEDLIKE (FL_NO, FEED_NO, BM_NO) VALUES ('FL202008130222', 'FEED202008030017', 'BM202007170003');
INSERT INTO FEEDLIKE (FL_NO, FEED_NO, BM_NO) VALUES ('FL202008130223', 'FEED202008030017', 'BM202007200001');
INSERT INTO FEEDLIKE (FL_NO, FEED_NO, BM_NO) VALUES ('FL202008130224', 'FEED202008030017', 'BM202007200002');
INSERT INTO FEEDLIKE (FL_NO, FEED_NO, BM_NO) VALUES ('FL202008130225', 'FEED202008030018', 'BM202007200003');
INSERT INTO FEEDLIKE (FL_NO, FEED_NO, BM_NO) VALUES ('FL202008130226', 'FEED202008030018', 'BM202007230001');
INSERT INTO FEEDLIKE (FL_NO, FEED_NO, BM_NO) VALUES ('FL202008130227', 'FEED202008030019', 'BM202007230002');
INSERT INTO FEEDLIKE (FL_NO, FEED_NO, BM_NO) VALUES ('FL202008130228', 'FEED202008030019', 'BM202007230003');
INSERT INTO FEEDLIKE (FL_NO, FEED_NO, BM_NO) VALUES ('FL202008130229', 'FEED202008030019', 'BM202007260001');
INSERT INTO FEEDLIKE (FL_NO, FEED_NO, BM_NO) VALUES ('FL202008130230', 'FEED202008030019', 'BM202007260002');
INSERT INTO FEEDLIKE (FL_NO, FEED_NO, BM_NO) VALUES ('FL202008130231', 'FEED202008030019', 'BM202007260003');

-- 메인 이미지 테이블 샘플 데이터 삽입.
INSERT INTO FEEDIMAGE (FI_NO, FI_PATH, FI_FILE, FEED_NO) VALUES ('FI202008010001', DEFAULT, '%EC%9D%98%EB%A5%98%EC%82%AC%EC%A7%84+(1).jpg', 'FEED202008010001');
INSERT INTO FEEDIMAGE (FI_NO, FI_PATH, FI_FILE, FEED_NO) VALUES ('FI202008010002', DEFAULT, '%EC%9D%98%EB%A5%98%EC%82%AC%EC%A7%84+(2).jpg', 'FEED202008010001');
INSERT INTO FEEDIMAGE (FI_NO, FI_PATH, FI_FILE, FEED_NO) VALUES ('FI202008010003', DEFAULT, '%EC%9D%98%EB%A5%98%EC%82%AC%EC%A7%84+(3).jpg', 'FEED202008010002');
INSERT INTO FEEDIMAGE (FI_NO, FI_PATH, FI_FILE, FEED_NO) VALUES ('FI202008010004', DEFAULT, '%EC%9D%98%EB%A5%98%EC%82%AC%EC%A7%84+(4).jpg', 'FEED202008010003');
INSERT INTO FEEDIMAGE (FI_NO, FI_PATH, FI_FILE, FEED_NO) VALUES ('FI202008010005', DEFAULT, '%EC%9D%98%EB%A5%98%EC%82%AC%EC%A7%84+(5).jpg', 'FEED202008010003');
INSERT INTO FEEDIMAGE (FI_NO, FI_PATH, FI_FILE, FEED_NO) VALUES ('FI202008010006', DEFAULT, '%EC%9D%98%EB%A5%98%EC%82%AC%EC%A7%84+(6).jpg', 'FEED202008010004');
INSERT INTO FEEDIMAGE (FI_NO, FI_PATH, FI_FILE, FEED_NO) VALUES ('FI202008010007', DEFAULT, '%EC%9D%98%EB%A5%98%EC%82%AC%EC%A7%84+(7).jpg', 'FEED202008010005');
INSERT INTO FEEDIMAGE (FI_NO, FI_PATH, FI_FILE, FEED_NO) VALUES ('FI202008010008', DEFAULT, '%EC%9D%98%EB%A5%98%EC%82%AC%EC%A7%84+(8).jpg', 'FEED202008010006');
INSERT INTO FEEDIMAGE (FI_NO, FI_PATH, FI_FILE, FEED_NO) VALUES ('FI202008010009', DEFAULT, '%EC%9D%98%EB%A5%98%EC%82%AC%EC%A7%84+(9).jpg', 'FEED202008010007');
INSERT INTO FEEDIMAGE (FI_NO, FI_PATH, FI_FILE, FEED_NO) VALUES ('FI202008010010', DEFAULT, '%EC%9D%98%EB%A5%98%EC%82%AC%EC%A7%84+(10).jpg', 'FEED202008010008');
INSERT INTO FEEDIMAGE (FI_NO, FI_PATH, FI_FILE, FEED_NO) VALUES ('FI202008010011', DEFAULT, '%EC%9D%98%EB%A5%98%EC%82%AC%EC%A7%84+(11).jpg', 'FEED202008010009');
INSERT INTO FEEDIMAGE (FI_NO, FI_PATH, FI_FILE, FEED_NO) VALUES ('FI202008010012', DEFAULT, '%EC%9D%98%EB%A5%98%EC%82%AC%EC%A7%84+(12).jpg', 'FEED202008010010');
INSERT INTO FEEDIMAGE (FI_NO, FI_PATH, FI_FILE, FEED_NO) VALUES ('FI202008010013', DEFAULT, '%EC%9D%98%EB%A5%98%EC%82%AC%EC%A7%84+(13).jpg', 'FEED202008010011');
INSERT INTO FEEDIMAGE (FI_NO, FI_PATH, FI_FILE, FEED_NO) VALUES ('FI202008010014', DEFAULT, '%EC%9D%98%EB%A5%98%EC%82%AC%EC%A7%84+(14).jpg', 'FEED202008010011');
INSERT INTO FEEDIMAGE (FI_NO, FI_PATH, FI_FILE, FEED_NO) VALUES ('FI202008010015', DEFAULT, '%EC%9D%98%EB%A5%98%EC%82%AC%EC%A7%84+(15).jpg', 'FEED202008010012');
INSERT INTO FEEDIMAGE (FI_NO, FI_PATH, FI_FILE, FEED_NO) VALUES ('FI202008010016', DEFAULT, '%EC%9D%98%EB%A5%98%EC%82%AC%EC%A7%84+(16).jpg', 'FEED202008010012');
INSERT INTO FEEDIMAGE (FI_NO, FI_PATH, FI_FILE, FEED_NO) VALUES ('FI202008010017', DEFAULT, '%EC%9D%98%EB%A5%98%EC%82%AC%EC%A7%84+(17).jpg', 'FEED202008010013');
INSERT INTO FEEDIMAGE (FI_NO, FI_PATH, FI_FILE, FEED_NO) VALUES ('FI202008010018', DEFAULT, '%EC%9D%98%EB%A5%98%EC%82%AC%EC%A7%84+(18).jpg', 'FEED202008010014');
INSERT INTO FEEDIMAGE (FI_NO, FI_PATH, FI_FILE, FEED_NO) VALUES ('FI202008010019', DEFAULT, '%EC%9D%98%EB%A5%98%EC%82%AC%EC%A7%84+(19).jpg', 'FEED202008010014');
INSERT INTO FEEDIMAGE (FI_NO, FI_PATH, FI_FILE, FEED_NO) VALUES ('FI202008010020', DEFAULT, '%EC%9D%98%EB%A5%98%EC%82%AC%EC%A7%84+(20).jpg', 'FEED202008010015');
INSERT INTO FEEDIMAGE (FI_NO, FI_PATH, FI_FILE, FEED_NO) VALUES ('FI202008010021', DEFAULT, '%EC%9D%98%EB%A5%98%EC%82%AC%EC%A7%84+(21).jpg', 'FEED202008010015');
INSERT INTO FEEDIMAGE (FI_NO, FI_PATH, FI_FILE, FEED_NO) VALUES ('FI202008010022', DEFAULT, '%EC%9D%98%EB%A5%98%EC%82%AC%EC%A7%84+(22).jpg', 'FEED202008010016');
INSERT INTO FEEDIMAGE (FI_NO, FI_PATH, FI_FILE, FEED_NO) VALUES ('FI202008010023', DEFAULT, '%EC%9D%98%EB%A5%98%EC%82%AC%EC%A7%84+(23).jpg', 'FEED202008010016');
INSERT INTO FEEDIMAGE (FI_NO, FI_PATH, FI_FILE, FEED_NO) VALUES ('FI202008010024', DEFAULT, '%EC%9D%98%EB%A5%98%EC%82%AC%EC%A7%84+(24).jpg', 'FEED202008010017');
INSERT INTO FEEDIMAGE (FI_NO, FI_PATH, FI_FILE, FEED_NO) VALUES ('FI202008010025', DEFAULT, '%EC%9D%98%EB%A5%98%EC%82%AC%EC%A7%84+(25).jpg', 'FEED202008010018');
INSERT INTO FEEDIMAGE (FI_NO, FI_PATH, FI_FILE, FEED_NO) VALUES ('FI202008010026', DEFAULT, '%EC%9D%98%EB%A5%98%EC%82%AC%EC%A7%84+(26).jpg', 'FEED202008010018');
INSERT INTO FEEDIMAGE (FI_NO, FI_PATH, FI_FILE, FEED_NO) VALUES ('FI202008010027', DEFAULT, '%EC%9D%98%EB%A5%98%EC%82%AC%EC%A7%84+(27).jpg', 'FEED202008010018');
INSERT INTO FEEDIMAGE (FI_NO, FI_PATH, FI_FILE, FEED_NO) VALUES ('FI202008010028', DEFAULT, '%EC%9D%98%EB%A5%98%EC%82%AC%EC%A7%84+(28).jpg', 'FEED202008010018');
INSERT INTO FEEDIMAGE (FI_NO, FI_PATH, FI_FILE, FEED_NO) VALUES ('FI202008010029', DEFAULT, '%EC%9D%98%EB%A5%98%EC%82%AC%EC%A7%84+(29).jpg', 'FEED202008010019');
INSERT INTO FEEDIMAGE (FI_NO, FI_PATH, FI_FILE, FEED_NO) VALUES ('FI202008010030', DEFAULT, '%EC%9D%98%EB%A5%98%EC%82%AC%EC%A7%84+(30).jpg', 'FEED202008010019');
INSERT INTO FEEDIMAGE (FI_NO, FI_PATH, FI_FILE, FEED_NO) VALUES ('FI202008010031', DEFAULT, '%EC%9D%98%EB%A5%98%EC%82%AC%EC%A7%84+(31).jpg', 'FEED202008010020');
INSERT INTO FEEDIMAGE (FI_NO, FI_PATH, FI_FILE, FEED_NO) VALUES ('FI202008010032', DEFAULT, '%EC%9D%98%EB%A5%98%EC%82%AC%EC%A7%84+(32).jpg', 'FEED202008010021');
INSERT INTO FEEDIMAGE (FI_NO, FI_PATH, FI_FILE, FEED_NO) VALUES ('FI202008010033', DEFAULT, '%EC%9D%98%EB%A5%98%EC%82%AC%EC%A7%84+(33).jpg', 'FEED202008010022');
INSERT INTO FEEDIMAGE (FI_NO, FI_PATH, FI_FILE, FEED_NO) VALUES ('FI202008010034', DEFAULT, '%EC%9D%98%EB%A5%98%EC%82%AC%EC%A7%84+(34).jpg', 'FEED202008010022');
INSERT INTO FEEDIMAGE (FI_NO, FI_PATH, FI_FILE, FEED_NO) VALUES ('FI202008010035', DEFAULT, '%EC%9D%98%EB%A5%98%EC%82%AC%EC%A7%84+(35).jpg', 'FEED202008010023');
INSERT INTO FEEDIMAGE (FI_NO, FI_PATH, FI_FILE, FEED_NO) VALUES ('FI202008010036', DEFAULT, '%EC%9D%98%EB%A5%98%EC%82%AC%EC%A7%84+(36).jpg', 'FEED202008010023');
INSERT INTO FEEDIMAGE (FI_NO, FI_PATH, FI_FILE, FEED_NO) VALUES ('FI202008010037', DEFAULT, '%EC%9D%98%EB%A5%98%EC%82%AC%EC%A7%84+(37).jpg', 'FEED202008010023');
INSERT INTO FEEDIMAGE (FI_NO, FI_PATH, FI_FILE, FEED_NO) VALUES ('FI202008010038', DEFAULT, '%EC%9D%98%EB%A5%98%EC%82%AC%EC%A7%84+(38).jpg', 'FEED202008010023');
INSERT INTO FEEDIMAGE (FI_NO, FI_PATH, FI_FILE, FEED_NO) VALUES ('FI202008010039', DEFAULT, '%EC%9D%98%EB%A5%98%EC%82%AC%EC%A7%84+(39).jpg', 'FEED202008010024');
INSERT INTO FEEDIMAGE (FI_NO, FI_PATH, FI_FILE, FEED_NO) VALUES ('FI202008010040', DEFAULT, '%EC%9D%98%EB%A5%98%EC%82%AC%EC%A7%84+(40).jpg', 'FEED202008010024');
INSERT INTO FEEDIMAGE (FI_NO, FI_PATH, FI_FILE, FEED_NO) VALUES ('FI202008010041', DEFAULT, '%EC%9D%98%EB%A5%98%EC%82%AC%EC%A7%84+(41).jpg', 'FEED202008010024');
INSERT INTO FEEDIMAGE (FI_NO, FI_PATH, FI_FILE, FEED_NO) VALUES ('FI202008010042', DEFAULT, '%EC%9D%98%EB%A5%98%EC%82%AC%EC%A7%84+(42).jpg', 'FEED202008010025');
INSERT INTO FEEDIMAGE (FI_NO, FI_PATH, FI_FILE, FEED_NO) VALUES ('FI202008010043', DEFAULT, '%EC%9D%98%EB%A5%98%EC%82%AC%EC%A7%84+(43).jpg', 'FEED202008010026');
INSERT INTO FEEDIMAGE (FI_NO, FI_PATH, FI_FILE, FEED_NO) VALUES ('FI202008010044', DEFAULT, '%EC%9D%98%EB%A5%98%EC%82%AC%EC%A7%84+(44).jpg', 'FEED202008010026');
INSERT INTO FEEDIMAGE (FI_NO, FI_PATH, FI_FILE, FEED_NO) VALUES ('FI202008010045', DEFAULT, '%EC%9D%98%EB%A5%98%EC%82%AC%EC%A7%84+(45).jpg', 'FEED202008010026');
INSERT INTO FEEDIMAGE (FI_NO, FI_PATH, FI_FILE, FEED_NO) VALUES ('FI202008010046', DEFAULT, '%EC%9D%98%EB%A5%98%EC%82%AC%EC%A7%84+(46).jpg', 'FEED202008010026');
INSERT INTO FEEDIMAGE (FI_NO, FI_PATH, FI_FILE, FEED_NO) VALUES ('FI202008010047', DEFAULT, '%EC%9D%98%EB%A5%98%EC%82%AC%EC%A7%84+(47).jpg', 'FEED202008010027');
INSERT INTO FEEDIMAGE (FI_NO, FI_PATH, FI_FILE, FEED_NO) VALUES ('FI202008010048', DEFAULT, '%EC%9D%98%EB%A5%98%EC%82%AC%EC%A7%84+(48).jpg', 'FEED202008010028');
INSERT INTO FEEDIMAGE (FI_NO, FI_PATH, FI_FILE, FEED_NO) VALUES ('FI202008010049', DEFAULT, '%EC%9D%98%EB%A5%98%EC%82%AC%EC%A7%84+(49).jpg', 'FEED202008010028');
INSERT INTO FEEDIMAGE (FI_NO, FI_PATH, FI_FILE, FEED_NO) VALUES ('FI202008010050', DEFAULT, '%EC%9D%98%EB%A5%98%EC%82%AC%EC%A7%84+(50).jpg', 'FEED202008010029');
INSERT INTO FEEDIMAGE (FI_NO, FI_PATH, FI_FILE, FEED_NO) VALUES ('FI202008010051', DEFAULT, '%EC%9D%98%EB%A5%98%EC%82%AC%EC%A7%84+(51).jpg', 'FEED202008010029');
INSERT INTO FEEDIMAGE (FI_NO, FI_PATH, FI_FILE, FEED_NO) VALUES ('FI202008010052', DEFAULT, '%EC%9D%98%EB%A5%98%EC%82%AC%EC%A7%84+(52).jpg', 'FEED202008010029');
INSERT INTO FEEDIMAGE (FI_NO, FI_PATH, FI_FILE, FEED_NO) VALUES ('FI202008010053', DEFAULT, '%EC%9D%98%EB%A5%98%EC%82%AC%EC%A7%84+(53).jpg', 'FEED202008010030');
INSERT INTO FEEDIMAGE (FI_NO, FI_PATH, FI_FILE, FEED_NO) VALUES ('FI202008010054', DEFAULT, '%EC%9D%98%EB%A5%98%EC%82%AC%EC%A7%84+(54).jpg', 'FEED202008010030');
INSERT INTO FEEDIMAGE (FI_NO, FI_PATH, FI_FILE, FEED_NO) VALUES ('FI202008010055', DEFAULT, '%EC%9D%98%EB%A5%98%EC%82%AC%EC%A7%84+(55).jpg', 'FEED202008010031');
INSERT INTO FEEDIMAGE (FI_NO, FI_PATH, FI_FILE, FEED_NO) VALUES ('FI202008010056', DEFAULT, '%EC%9D%98%EB%A5%98%EC%82%AC%EC%A7%84+(56).jpg', 'FEED202008010031');
INSERT INTO FEEDIMAGE (FI_NO, FI_PATH, FI_FILE, FEED_NO) VALUES ('FI202008010057', DEFAULT, '%EC%9D%98%EB%A5%98%EC%82%AC%EC%A7%84+(57).jpg', 'FEED202008010031');
INSERT INTO FEEDIMAGE (FI_NO, FI_PATH, FI_FILE, FEED_NO) VALUES ('FI202008010058', DEFAULT, '%EC%9D%98%EB%A5%98%EC%82%AC%EC%A7%84+(58).jpg', 'FEED202008010031');
INSERT INTO FEEDIMAGE (FI_NO, FI_PATH, FI_FILE, FEED_NO) VALUES ('FI202008010059', DEFAULT, '%EC%9D%98%EB%A5%98%EC%82%AC%EC%A7%84+(59).jpg', 'FEED202008010032');
INSERT INTO FEEDIMAGE (FI_NO, FI_PATH, FI_FILE, FEED_NO) VALUES ('FI202008010060', DEFAULT, '%EC%9D%98%EB%A5%98%EC%82%AC%EC%A7%84+(60).jpg', 'FEED202008010032');
INSERT INTO FEEDIMAGE (FI_NO, FI_PATH, FI_FILE, FEED_NO) VALUES ('FI202008010061', DEFAULT, '%EC%9D%98%EB%A5%98%EC%82%AC%EC%A7%84+(61).jpg', 'FEED202008010032');
INSERT INTO FEEDIMAGE (FI_NO, FI_PATH, FI_FILE, FEED_NO) VALUES ('FI202008010062', DEFAULT, '%EC%9D%98%EB%A5%98%EC%82%AC%EC%A7%84+(62).jpg', 'FEED202008010032');
INSERT INTO FEEDIMAGE (FI_NO, FI_PATH, FI_FILE, FEED_NO) VALUES ('FI202008010063', DEFAULT, '%EC%9D%98%EB%A5%98%EC%82%AC%EC%A7%84+(63).jpg', 'FEED202008010032');
INSERT INTO FEEDIMAGE (FI_NO, FI_PATH, FI_FILE, FEED_NO) VALUES ('FI202008010064', DEFAULT, '%EC%9D%98%EB%A5%98%EC%82%AC%EC%A7%84+(64).jpg', 'FEED202008010032');
INSERT INTO FEEDIMAGE (FI_NO, FI_PATH, FI_FILE, FEED_NO) VALUES ('FI202008010065', DEFAULT, '%EC%9D%98%EB%A5%98%EC%82%AC%EC%A7%84+(65).jpg', 'FEED202008010032');
INSERT INTO FEEDIMAGE (FI_NO, FI_PATH, FI_FILE, FEED_NO) VALUES ('FI202008010066', DEFAULT, '%EC%9D%98%EB%A5%98%EC%82%AC%EC%A7%84+(66).jpg', 'FEED202008010032');
INSERT INTO FEEDIMAGE (FI_NO, FI_PATH, FI_FILE, FEED_NO) VALUES ('FI202008010067', DEFAULT, '%EC%9D%98%EB%A5%98%EC%82%AC%EC%A7%84+(67).jpg', 'FEED202008010032');
INSERT INTO FEEDIMAGE (FI_NO, FI_PATH, FI_FILE, FEED_NO) VALUES ('FI202008010068', DEFAULT, '%EC%9D%98%EB%A5%98%EC%82%AC%EC%A7%84+(68).jpg', 'FEED202008010033');
INSERT INTO FEEDIMAGE (FI_NO, FI_PATH, FI_FILE, FEED_NO) VALUES ('FI202008010069', DEFAULT, '%EC%9D%98%EB%A5%98%EC%82%AC%EC%A7%84+(69).jpg', 'FEED202008010033');
INSERT INTO FEEDIMAGE (FI_NO, FI_PATH, FI_FILE, FEED_NO) VALUES ('FI202008010070', DEFAULT, '%EC%9D%98%EB%A5%98%EC%82%AC%EC%A7%84+(70).jpg', 'FEED202008010034');
INSERT INTO FEEDIMAGE (FI_NO, FI_PATH, FI_FILE, FEED_NO) VALUES ('FI202008010071', DEFAULT, '%EC%9D%98%EB%A5%98%EC%82%AC%EC%A7%84+(71).jpg', 'FEED202008010034');
INSERT INTO FEEDIMAGE (FI_NO, FI_PATH, FI_FILE, FEED_NO) VALUES ('FI202008010072', DEFAULT, '%EC%9D%98%EB%A5%98%EC%82%AC%EC%A7%84+(72).jpg', 'FEED202008010034');
INSERT INTO FEEDIMAGE (FI_NO, FI_PATH, FI_FILE, FEED_NO) VALUES ('FI202008010073', DEFAULT, '%EC%9D%98%EB%A5%98%EC%82%AC%EC%A7%84+(73).jpg', 'FEED202008010034');
INSERT INTO FEEDIMAGE (FI_NO, FI_PATH, FI_FILE, FEED_NO) VALUES ('FI202008010074', DEFAULT, '%EC%9D%98%EB%A5%98%EC%82%AC%EC%A7%84+(74).jpg', 'FEED202008010035');
INSERT INTO FEEDIMAGE (FI_NO, FI_PATH, FI_FILE, FEED_NO) VALUES ('FI202008010075', DEFAULT, '%EC%9D%98%EB%A5%98%EC%82%AC%EC%A7%84+(75).jpg', 'FEED202008010035');
INSERT INTO FEEDIMAGE (FI_NO, FI_PATH, FI_FILE, FEED_NO) VALUES ('FI202008010076', DEFAULT, '%EC%9D%98%EB%A5%98%EC%82%AC%EC%A7%84+(76).jpg', 'FEED202008010035');
INSERT INTO FEEDIMAGE (FI_NO, FI_PATH, FI_FILE, FEED_NO) VALUES ('FI202008010077', DEFAULT, '%EC%9D%98%EB%A5%98%EC%82%AC%EC%A7%84+(77).jpg', 'FEED202008010036');
INSERT INTO FEEDIMAGE (FI_NO, FI_PATH, FI_FILE, FEED_NO) VALUES ('FI202008010078', DEFAULT, '%EC%9D%98%EB%A5%98%EC%82%AC%EC%A7%84+(78).jpg', 'FEED202008010036');
INSERT INTO FEEDIMAGE (FI_NO, FI_PATH, FI_FILE, FEED_NO) VALUES ('FI202008010079', DEFAULT, '%EC%9D%98%EB%A5%98%EC%82%AC%EC%A7%84+(79).jpg', 'FEED202008010036');
INSERT INTO FEEDIMAGE (FI_NO, FI_PATH, FI_FILE, FEED_NO) VALUES ('FI202008010080', DEFAULT, '%EC%9D%98%EB%A5%98%EC%82%AC%EC%A7%84+(80).jpg', 'FEED202008010037');
INSERT INTO FEEDIMAGE (FI_NO, FI_PATH, FI_FILE, FEED_NO) VALUES ('FI202008010081', DEFAULT, '%EC%9D%98%EB%A5%98%EC%82%AC%EC%A7%84+(81).jpg', 'FEED202008010037');
INSERT INTO FEEDIMAGE (FI_NO, FI_PATH, FI_FILE, FEED_NO) VALUES ('FI202008010082', DEFAULT, '%EC%9D%98%EB%A5%98%EC%82%AC%EC%A7%84+(82).jpg', 'FEED202008010038');
INSERT INTO FEEDIMAGE (FI_NO, FI_PATH, FI_FILE, FEED_NO) VALUES ('FI202008010083', DEFAULT, '%EC%9D%98%EB%A5%98%EC%82%AC%EC%A7%84+(83).jpg', 'FEED202008010038');
INSERT INTO FEEDIMAGE (FI_NO, FI_PATH, FI_FILE, FEED_NO) VALUES ('FI202008010084', DEFAULT, '%EC%9D%98%EB%A5%98%EC%82%AC%EC%A7%84+(84).jpg', 'FEED202008010038');
INSERT INTO FEEDIMAGE (FI_NO, FI_PATH, FI_FILE, FEED_NO) VALUES ('FI202008010085', DEFAULT, '%EC%9D%98%EB%A5%98%EC%82%AC%EC%A7%84+(85).jpg', 'FEED202008010039');
INSERT INTO FEEDIMAGE (FI_NO, FI_PATH, FI_FILE, FEED_NO) VALUES ('FI202008010086', DEFAULT, '%EC%9D%98%EB%A5%98%EC%82%AC%EC%A7%84+(86).jpg', 'FEED202008010039');
INSERT INTO FEEDIMAGE (FI_NO, FI_PATH, FI_FILE, FEED_NO) VALUES ('FI202008010087', DEFAULT, '%EC%9D%98%EB%A5%98%EC%82%AC%EC%A7%84+(87).jpg', 'FEED202008010039');
INSERT INTO FEEDIMAGE (FI_NO, FI_PATH, FI_FILE, FEED_NO) VALUES ('FI202008010088', DEFAULT, '%EC%9D%98%EB%A5%98%EC%82%AC%EC%A7%84+(88).jpg', 'FEED202008010040');
INSERT INTO FEEDIMAGE (FI_NO, FI_PATH, FI_FILE, FEED_NO) VALUES ('FI202008010089', DEFAULT, '%EC%9D%98%EB%A5%98%EC%82%AC%EC%A7%84+(89).jpg', 'FEED202008010040');
INSERT INTO FEEDIMAGE (FI_NO, FI_PATH, FI_FILE, FEED_NO) VALUES ('FI202008010090', DEFAULT, '%EC%9D%98%EB%A5%98%EC%82%AC%EC%A7%84+(90).jpg', 'FEED202008010040');
INSERT INTO FEEDIMAGE (FI_NO, FI_PATH, FI_FILE, FEED_NO) VALUES ('FI202008010091', DEFAULT, '%EC%9D%98%EB%A5%98%EC%82%AC%EC%A7%84+(91).jpg', 'FEED202008010041');
INSERT INTO FEEDIMAGE (FI_NO, FI_PATH, FI_FILE, FEED_NO) VALUES ('FI202008010092', DEFAULT, '%EC%9D%98%EB%A5%98%EC%82%AC%EC%A7%84+(92).jpg', 'FEED202008010041');
INSERT INTO FEEDIMAGE (FI_NO, FI_PATH, FI_FILE, FEED_NO) VALUES ('FI202008010093', DEFAULT, '%EC%9D%98%EB%A5%98%EC%82%AC%EC%A7%84+(93).jpg', 'FEED202008010041');
INSERT INTO FEEDIMAGE (FI_NO, FI_PATH, FI_FILE, FEED_NO) VALUES ('FI202008010094', DEFAULT, '%EC%9D%98%EB%A5%98%EC%82%AC%EC%A7%84+(94).jpg', 'FEED202008010041');
INSERT INTO FEEDIMAGE (FI_NO, FI_PATH, FI_FILE, FEED_NO) VALUES ('FI202008010095', DEFAULT, '%EC%9D%98%EB%A5%98%EC%82%AC%EC%A7%84+(95).jpg', 'FEED202008010041');
INSERT INTO FEEDIMAGE (FI_NO, FI_PATH, FI_FILE, FEED_NO) VALUES ('FI202008010096', DEFAULT, '%EC%9D%98%EB%A5%98%EC%82%AC%EC%A7%84+(96).jpg', 'FEED202008010042');
INSERT INTO FEEDIMAGE (FI_NO, FI_PATH, FI_FILE, FEED_NO) VALUES ('FI202008010097', DEFAULT, '%EC%9D%98%EB%A5%98%EC%82%AC%EC%A7%84+(97).jpg', 'FEED202008010042');
INSERT INTO FEEDIMAGE (FI_NO, FI_PATH, FI_FILE, FEED_NO) VALUES ('FI202008010098', DEFAULT, '%EC%9D%98%EB%A5%98%EC%82%AC%EC%A7%84+(98).jpg', 'FEED202008010042');
INSERT INTO FEEDIMAGE (FI_NO, FI_PATH, FI_FILE, FEED_NO) VALUES ('FI202008010099', DEFAULT, '%EC%9D%98%EB%A5%98%EC%82%AC%EC%A7%84+(99).jpg', 'FEED202008010043');
INSERT INTO FEEDIMAGE (FI_NO, FI_PATH, FI_FILE, FEED_NO) VALUES ('FI202008010100', DEFAULT, '%EC%9D%98%EB%A5%98%EC%82%AC%EC%A7%84+(100).jpg', 'FEED202008010043');
INSERT INTO FEEDIMAGE (FI_NO, FI_PATH, FI_FILE, FEED_NO) VALUES ('FI202008010101', DEFAULT, '%EC%9D%98%EB%A5%98%EC%82%AC%EC%A7%84+(101).jpg', 'FEED202008010043');
INSERT INTO FEEDIMAGE (FI_NO, FI_PATH, FI_FILE, FEED_NO) VALUES ('FI202008010102', DEFAULT, '%EC%9D%98%EB%A5%98%EC%82%AC%EC%A7%84+(102).jpg', 'FEED202008010043');
INSERT INTO FEEDIMAGE (FI_NO, FI_PATH, FI_FILE, FEED_NO) VALUES ('FI202008010103', DEFAULT, '%EC%9D%98%EB%A5%98%EC%82%AC%EC%A7%84+(103).jpg', 'FEED202008010044');
INSERT INTO FEEDIMAGE (FI_NO, FI_PATH, FI_FILE, FEED_NO) VALUES ('FI202008010104', DEFAULT, '%EC%9D%98%EB%A5%98%EC%82%AC%EC%A7%84+(104).jpg', 'FEED202008010045');
INSERT INTO FEEDIMAGE (FI_NO, FI_PATH, FI_FILE, FEED_NO) VALUES ('FI202008010105', DEFAULT, '%EC%9D%98%EB%A5%98%EC%82%AC%EC%A7%84+(105).jpg', 'FEED202008010045');
INSERT INTO FEEDIMAGE (FI_NO, FI_PATH, FI_FILE, FEED_NO) VALUES ('FI202008010106', DEFAULT, '%EC%9D%98%EB%A5%98%EC%82%AC%EC%A7%84+(106).jpg', 'FEED202008010045');
INSERT INTO FEEDIMAGE (FI_NO, FI_PATH, FI_FILE, FEED_NO) VALUES ('FI202008010107', DEFAULT, '%EC%9D%98%EB%A5%98%EC%82%AC%EC%A7%84+(107).jpg', 'FEED202008010045');
INSERT INTO FEEDIMAGE (FI_NO, FI_PATH, FI_FILE, FEED_NO) VALUES ('FI202008010108', DEFAULT, '%EC%9D%98%EB%A5%98%EC%82%AC%EC%A7%84+(108).jpg', 'FEED202008010045');
INSERT INTO FEEDIMAGE (FI_NO, FI_PATH, FI_FILE, FEED_NO) VALUES ('FI202008010109', DEFAULT, '%EC%9D%98%EB%A5%98%EC%82%AC%EC%A7%84+(109).jpg', 'FEED202008010045');
INSERT INTO FEEDIMAGE (FI_NO, FI_PATH, FI_FILE, FEED_NO) VALUES ('FI202008010110', DEFAULT, '%EC%9D%98%EB%A5%98%EC%82%AC%EC%A7%84+(110).jpg', 'FEED202008010045');
INSERT INTO FEEDIMAGE (FI_NO, FI_PATH, FI_FILE, FEED_NO) VALUES ('FI202008010111', DEFAULT, '%EC%9D%98%EB%A5%98%EC%82%AC%EC%A7%84+(111).jpg', 'FEED202008010045');
INSERT INTO FEEDIMAGE (FI_NO, FI_PATH, FI_FILE, FEED_NO) VALUES ('FI202008010112', DEFAULT, '%EC%9D%98%EB%A5%98%EC%82%AC%EC%A7%84+(112).jpg', 'FEED202008010046');
INSERT INTO FEEDIMAGE (FI_NO, FI_PATH, FI_FILE, FEED_NO) VALUES ('FI202008010113', DEFAULT, '%EC%9D%98%EB%A5%98%EC%82%AC%EC%A7%84+(113).jpg', 'FEED202008010047');
INSERT INTO FEEDIMAGE (FI_NO, FI_PATH, FI_FILE, FEED_NO) VALUES ('FI202008010114', DEFAULT, '%EC%9D%98%EB%A5%98%EC%82%AC%EC%A7%84+(114).jpg', 'FEED202008010048');
INSERT INTO FEEDIMAGE (FI_NO, FI_PATH, FI_FILE, FEED_NO) VALUES ('FI202008010115', DEFAULT, '%EC%9D%98%EB%A5%98%EC%82%AC%EC%A7%84+(115).jpg', 'FEED202008010048');
INSERT INTO FEEDIMAGE (FI_NO, FI_PATH, FI_FILE, FEED_NO) VALUES ('FI202008010116', DEFAULT, '%EC%9D%98%EB%A5%98%EC%82%AC%EC%A7%84+(116).jpg', 'FEED202008010048');
INSERT INTO FEEDIMAGE (FI_NO, FI_PATH, FI_FILE, FEED_NO) VALUES ('FI202008020001', DEFAULT, '%EC%9E%A1%ED%99%94%EC%82%AC%EC%A7%84+(1).jpg', 'FEED202008020001');
INSERT INTO FEEDIMAGE (FI_NO, FI_PATH, FI_FILE, FEED_NO) VALUES ('FI202008020002', DEFAULT, '%EC%9E%A1%ED%99%94%EC%82%AC%EC%A7%84+(2).jpg', 'FEED202008020001');
INSERT INTO FEEDIMAGE (FI_NO, FI_PATH, FI_FILE, FEED_NO) VALUES ('FI202008020003', DEFAULT, '%EC%9E%A1%ED%99%94%EC%82%AC%EC%A7%84+(3).jpg', 'FEED202008020001');
INSERT INTO FEEDIMAGE (FI_NO, FI_PATH, FI_FILE, FEED_NO) VALUES ('FI202008020004', DEFAULT, '%EC%9E%A1%ED%99%94%EC%82%AC%EC%A7%84+(4).jpg', 'FEED202008020001');
INSERT INTO FEEDIMAGE (FI_NO, FI_PATH, FI_FILE, FEED_NO) VALUES ('FI202008020005', DEFAULT, '%EC%9E%A1%ED%99%94%EC%82%AC%EC%A7%84+(5).jpg', 'FEED202008020001');
INSERT INTO FEEDIMAGE (FI_NO, FI_PATH, FI_FILE, FEED_NO) VALUES ('FI202008020006', DEFAULT, '%EC%9E%A1%ED%99%94%EC%82%AC%EC%A7%84+(6).jpg', 'FEED202008020001');
INSERT INTO FEEDIMAGE (FI_NO, FI_PATH, FI_FILE, FEED_NO) VALUES ('FI202008020007', DEFAULT, '%EC%9E%A1%ED%99%94%EC%82%AC%EC%A7%84+(7).jpg', 'FEED202008020001');
INSERT INTO FEEDIMAGE (FI_NO, FI_PATH, FI_FILE, FEED_NO) VALUES ('FI202008020008', DEFAULT, '%EC%9E%A1%ED%99%94%EC%82%AC%EC%A7%84+(8).jpg', 'FEED202008020002');
INSERT INTO FEEDIMAGE (FI_NO, FI_PATH, FI_FILE, FEED_NO) VALUES ('FI202008020009', DEFAULT, '%EC%9E%A1%ED%99%94%EC%82%AC%EC%A7%84+(9).jpg', 'FEED202008020002');
INSERT INTO FEEDIMAGE (FI_NO, FI_PATH, FI_FILE, FEED_NO) VALUES ('FI202008020010', DEFAULT, '%EC%9E%A1%ED%99%94%EC%82%AC%EC%A7%84+(10).jpg', 'FEED202008020002');
INSERT INTO FEEDIMAGE (FI_NO, FI_PATH, FI_FILE, FEED_NO) VALUES ('FI202008020011', DEFAULT, '%EC%9E%A1%ED%99%94%EC%82%AC%EC%A7%84+(11).jpg', 'FEED202008020002');
INSERT INTO FEEDIMAGE (FI_NO, FI_PATH, FI_FILE, FEED_NO) VALUES ('FI202008020012', DEFAULT, '%EC%9E%A1%ED%99%94%EC%82%AC%EC%A7%84+(12).jpg', 'FEED202008020003');
INSERT INTO FEEDIMAGE (FI_NO, FI_PATH, FI_FILE, FEED_NO) VALUES ('FI202008020013', DEFAULT, '%EC%9E%A1%ED%99%94%EC%82%AC%EC%A7%84+(13).jpg', 'FEED202008020003');
INSERT INTO FEEDIMAGE (FI_NO, FI_PATH, FI_FILE, FEED_NO) VALUES ('FI202008020014', DEFAULT, '%EC%9E%A1%ED%99%94%EC%82%AC%EC%A7%84+(14).jpg', 'FEED202008020003');
INSERT INTO FEEDIMAGE (FI_NO, FI_PATH, FI_FILE, FEED_NO) VALUES ('FI202008020015', DEFAULT, '%EC%9E%A1%ED%99%94%EC%82%AC%EC%A7%84+(15).jpg', 'FEED202008020003');
INSERT INTO FEEDIMAGE (FI_NO, FI_PATH, FI_FILE, FEED_NO) VALUES ('FI202008020016', DEFAULT, '%EC%9E%A1%ED%99%94%EC%82%AC%EC%A7%84+(16).jpg', 'FEED202008020003');
INSERT INTO FEEDIMAGE (FI_NO, FI_PATH, FI_FILE, FEED_NO) VALUES ('FI202008020017', DEFAULT, '%EC%9E%A1%ED%99%94%EC%82%AC%EC%A7%84+(17).jpg', 'FEED202008020004');
INSERT INTO FEEDIMAGE (FI_NO, FI_PATH, FI_FILE, FEED_NO) VALUES ('FI202008020018', DEFAULT, '%EC%9E%A1%ED%99%94%EC%82%AC%EC%A7%84+(18).jpg', 'FEED202008020005');
INSERT INTO FEEDIMAGE (FI_NO, FI_PATH, FI_FILE, FEED_NO) VALUES ('FI202008020019', DEFAULT, '%EC%9E%A1%ED%99%94%EC%82%AC%EC%A7%84+(19).jpg', 'FEED202008020005');
INSERT INTO FEEDIMAGE (FI_NO, FI_PATH, FI_FILE, FEED_NO) VALUES ('FI202008020020', DEFAULT, '%EC%9E%A1%ED%99%94%EC%82%AC%EC%A7%84+(20).jpg', 'FEED202008020006');
INSERT INTO FEEDIMAGE (FI_NO, FI_PATH, FI_FILE, FEED_NO) VALUES ('FI202008020021', DEFAULT, '%EC%9E%A1%ED%99%94%EC%82%AC%EC%A7%84+(21).jpg', 'FEED202008020006');
INSERT INTO FEEDIMAGE (FI_NO, FI_PATH, FI_FILE, FEED_NO) VALUES ('FI202008020022', DEFAULT, '%EC%9E%A1%ED%99%94%EC%82%AC%EC%A7%84+(22).jpg', 'FEED202008020007');
INSERT INTO FEEDIMAGE (FI_NO, FI_PATH, FI_FILE, FEED_NO) VALUES ('FI202008020023', DEFAULT, '%EC%9E%A1%ED%99%94%EC%82%AC%EC%A7%84+(23).jpg', 'FEED202008020007');
INSERT INTO FEEDIMAGE (FI_NO, FI_PATH, FI_FILE, FEED_NO) VALUES ('FI202008020024', DEFAULT, '%EC%9E%A1%ED%99%94%EC%82%AC%EC%A7%84+(24).jpg', 'FEED202008020007');
INSERT INTO FEEDIMAGE (FI_NO, FI_PATH, FI_FILE, FEED_NO) VALUES ('FI202008020025', DEFAULT, '%EC%9E%A1%ED%99%94%EC%82%AC%EC%A7%84+(25).jpg', 'FEED202008020007');
INSERT INTO FEEDIMAGE (FI_NO, FI_PATH, FI_FILE, FEED_NO) VALUES ('FI202008030001', DEFAULT, '%EC%BD%94%EC%8A%A4%EB%A9%94%ED%8B%B1%EC%82%AC%EC%A7%84+(1).jpg', 'FEED202008030001');
INSERT INTO FEEDIMAGE (FI_NO, FI_PATH, FI_FILE, FEED_NO) VALUES ('FI202008030002', DEFAULT, '%EC%BD%94%EC%8A%A4%EB%A9%94%ED%8B%B1%EC%82%AC%EC%A7%84+(2).jpg', 'FEED202008030001');
INSERT INTO FEEDIMAGE (FI_NO, FI_PATH, FI_FILE, FEED_NO) VALUES ('FI202008030003', DEFAULT, '%EC%BD%94%EC%8A%A4%EB%A9%94%ED%8B%B1%EC%82%AC%EC%A7%84+(3).jpg', 'FEED202008030001');
INSERT INTO FEEDIMAGE (FI_NO, FI_PATH, FI_FILE, FEED_NO) VALUES ('FI202008030004', DEFAULT, '%EC%BD%94%EC%8A%A4%EB%A9%94%ED%8B%B1%EC%82%AC%EC%A7%84+(4).jpg', 'FEED202008030002');
INSERT INTO FEEDIMAGE (FI_NO, FI_PATH, FI_FILE, FEED_NO) VALUES ('FI202008030005', DEFAULT, '%EC%BD%94%EC%8A%A4%EB%A9%94%ED%8B%B1%EC%82%AC%EC%A7%84+(5).jpg', 'FEED202008030002');
INSERT INTO FEEDIMAGE (FI_NO, FI_PATH, FI_FILE, FEED_NO) VALUES ('FI202008030006', DEFAULT, '%EC%BD%94%EC%8A%A4%EB%A9%94%ED%8B%B1%EC%82%AC%EC%A7%84+(6).jpg', 'FEED202008030002');
INSERT INTO FEEDIMAGE (FI_NO, FI_PATH, FI_FILE, FEED_NO) VALUES ('FI202008030007', DEFAULT, '%EC%BD%94%EC%8A%A4%EB%A9%94%ED%8B%B1%EC%82%AC%EC%A7%84+(7).jpg', 'FEED202008030002');
INSERT INTO FEEDIMAGE (FI_NO, FI_PATH, FI_FILE, FEED_NO) VALUES ('FI202008030008', DEFAULT, '%EC%BD%94%EC%8A%A4%EB%A9%94%ED%8B%B1%EC%82%AC%EC%A7%84+(8).jpg', 'FEED202008030002');
INSERT INTO FEEDIMAGE (FI_NO, FI_PATH, FI_FILE, FEED_NO) VALUES ('FI202008030009', DEFAULT, '%EC%BD%94%EC%8A%A4%EB%A9%94%ED%8B%B1%EC%82%AC%EC%A7%84+(9).jpg', 'FEED202008030002');
INSERT INTO FEEDIMAGE (FI_NO, FI_PATH, FI_FILE, FEED_NO) VALUES ('FI202008030010', DEFAULT, '%EC%BD%94%EC%8A%A4%EB%A9%94%ED%8B%B1%EC%82%AC%EC%A7%84+(10).jpg', 'FEED202008030003');
INSERT INTO FEEDIMAGE (FI_NO, FI_PATH, FI_FILE, FEED_NO) VALUES ('FI202008030011', DEFAULT, '%EC%BD%94%EC%8A%A4%EB%A9%94%ED%8B%B1%EC%82%AC%EC%A7%84+(11).jpg', 'FEED202008030003');
INSERT INTO FEEDIMAGE (FI_NO, FI_PATH, FI_FILE, FEED_NO) VALUES ('FI202008030012', DEFAULT, '%EC%BD%94%EC%8A%A4%EB%A9%94%ED%8B%B1%EC%82%AC%EC%A7%84+(12).jpg', 'FEED202008030003');
INSERT INTO FEEDIMAGE (FI_NO, FI_PATH, FI_FILE, FEED_NO) VALUES ('FI202008030013', DEFAULT, '%EC%BD%94%EC%8A%A4%EB%A9%94%ED%8B%B1%EC%82%AC%EC%A7%84+(13).jpg', 'FEED202008030003');
INSERT INTO FEEDIMAGE (FI_NO, FI_PATH, FI_FILE, FEED_NO) VALUES ('FI202008030014', DEFAULT, '%EC%BD%94%EC%8A%A4%EB%A9%94%ED%8B%B1%EC%82%AC%EC%A7%84+(14).jpg', 'FEED202008030003');
INSERT INTO FEEDIMAGE (FI_NO, FI_PATH, FI_FILE, FEED_NO) VALUES ('FI202008030015', DEFAULT, '%EC%BD%94%EC%8A%A4%EB%A9%94%ED%8B%B1%EC%82%AC%EC%A7%84+(15).jpg', 'FEED202008030003');
INSERT INTO FEEDIMAGE (FI_NO, FI_PATH, FI_FILE, FEED_NO) VALUES ('FI202008030016', DEFAULT, '%EC%BD%94%EC%8A%A4%EB%A9%94%ED%8B%B1%EC%82%AC%EC%A7%84+(16).jpg', 'FEED202008030004');
INSERT INTO FEEDIMAGE (FI_NO, FI_PATH, FI_FILE, FEED_NO) VALUES ('FI202008030017', DEFAULT, '%EC%BD%94%EC%8A%A4%EB%A9%94%ED%8B%B1%EC%82%AC%EC%A7%84+(17).jpg', 'FEED202008030004');
INSERT INTO FEEDIMAGE (FI_NO, FI_PATH, FI_FILE, FEED_NO) VALUES ('FI202008030018', DEFAULT, '%EC%BD%94%EC%8A%A4%EB%A9%94%ED%8B%B1%EC%82%AC%EC%A7%84+(18).jpg', 'FEED202008030005');
INSERT INTO FEEDIMAGE (FI_NO, FI_PATH, FI_FILE, FEED_NO) VALUES ('FI202008030019', DEFAULT, '%EC%BD%94%EC%8A%A4%EB%A9%94%ED%8B%B1%EC%82%AC%EC%A7%84+(19).jpg', 'FEED202008030005');
INSERT INTO FEEDIMAGE (FI_NO, FI_PATH, FI_FILE, FEED_NO) VALUES ('FI202008030020', DEFAULT, '%EC%BD%94%EC%8A%A4%EB%A9%94%ED%8B%B1%EC%82%AC%EC%A7%84+(20).jpg', 'FEED202008030005');
INSERT INTO FEEDIMAGE (FI_NO, FI_PATH, FI_FILE, FEED_NO) VALUES ('FI202008030021', DEFAULT, '%EC%BD%94%EC%8A%A4%EB%A9%94%ED%8B%B1%EC%82%AC%EC%A7%84+(21).jpg', 'FEED202008030005');
INSERT INTO FEEDIMAGE (FI_NO, FI_PATH, FI_FILE, FEED_NO) VALUES ('FI202008030022', DEFAULT, '%EC%BD%94%EC%8A%A4%EB%A9%94%ED%8B%B1%EC%82%AC%EC%A7%84+(22).jpg', 'FEED202008030005');
INSERT INTO FEEDIMAGE (FI_NO, FI_PATH, FI_FILE, FEED_NO) VALUES ('FI202008030023', DEFAULT, '%EC%BD%94%EC%8A%A4%EB%A9%94%ED%8B%B1%EC%82%AC%EC%A7%84+(23).jpg', 'FEED202008030006');
INSERT INTO FEEDIMAGE (FI_NO, FI_PATH, FI_FILE, FEED_NO) VALUES ('FI202008030024', DEFAULT, '%EC%BD%94%EC%8A%A4%EB%A9%94%ED%8B%B1%EC%82%AC%EC%A7%84+(24).jpg', 'FEED202008030006');
INSERT INTO FEEDIMAGE (FI_NO, FI_PATH, FI_FILE, FEED_NO) VALUES ('FI202008030025', DEFAULT, '%EC%BD%94%EC%8A%A4%EB%A9%94%ED%8B%B1%EC%82%AC%EC%A7%84+(25).jpg', 'FEED202008030006');
INSERT INTO FEEDIMAGE (FI_NO, FI_PATH, FI_FILE, FEED_NO) VALUES ('FI202008030026', DEFAULT, '%EC%BD%94%EC%8A%A4%EB%A9%94%ED%8B%B1%EC%82%AC%EC%A7%84+(26).jpg', 'FEED202008030007');
INSERT INTO FEEDIMAGE (FI_NO, FI_PATH, FI_FILE, FEED_NO) VALUES ('FI202008030027', DEFAULT, '%EC%BD%94%EC%8A%A4%EB%A9%94%ED%8B%B1%EC%82%AC%EC%A7%84+(27).jpg', 'FEED202008030007');
INSERT INTO FEEDIMAGE (FI_NO, FI_PATH, FI_FILE, FEED_NO) VALUES ('FI202008030028', DEFAULT, '%EC%BD%94%EC%8A%A4%EB%A9%94%ED%8B%B1%EC%82%AC%EC%A7%84+(28).jpg', 'FEED202008030007');
INSERT INTO FEEDIMAGE (FI_NO, FI_PATH, FI_FILE, FEED_NO) VALUES ('FI202008030029', DEFAULT, '%EC%BD%94%EC%8A%A4%EB%A9%94%ED%8B%B1%EC%82%AC%EC%A7%84+(29).jpg', 'FEED202008030007');
INSERT INTO FEEDIMAGE (FI_NO, FI_PATH, FI_FILE, FEED_NO) VALUES ('FI202008030030', DEFAULT, '%EC%BD%94%EC%8A%A4%EB%A9%94%ED%8B%B1%EC%82%AC%EC%A7%84+(30).jpg', 'FEED202008030008');
INSERT INTO FEEDIMAGE (FI_NO, FI_PATH, FI_FILE, FEED_NO) VALUES ('FI202008030031', DEFAULT, '%EC%BD%94%EC%8A%A4%EB%A9%94%ED%8B%B1%EC%82%AC%EC%A7%84+(31).jpg', 'FEED202008030008');
INSERT INTO FEEDIMAGE (FI_NO, FI_PATH, FI_FILE, FEED_NO) VALUES ('FI202008030032', DEFAULT, '%EC%BD%94%EC%8A%A4%EB%A9%94%ED%8B%B1%EC%82%AC%EC%A7%84+(32).jpg', 'FEED202008030008');
INSERT INTO FEEDIMAGE (FI_NO, FI_PATH, FI_FILE, FEED_NO) VALUES ('FI202008030033', DEFAULT, '%EC%BD%94%EC%8A%A4%EB%A9%94%ED%8B%B1%EC%82%AC%EC%A7%84+(33).jpg', 'FEED202008030008');
INSERT INTO FEEDIMAGE (FI_NO, FI_PATH, FI_FILE, FEED_NO) VALUES ('FI202008030034', DEFAULT, '%EC%BD%94%EC%8A%A4%EB%A9%94%ED%8B%B1%EC%82%AC%EC%A7%84+(34).jpg', 'FEED202008030008');
INSERT INTO FEEDIMAGE (FI_NO, FI_PATH, FI_FILE, FEED_NO) VALUES ('FI202008030035', DEFAULT, '%EC%BD%94%EC%8A%A4%EB%A9%94%ED%8B%B1%EC%82%AC%EC%A7%84+(35).jpg', 'FEED202008030009');
INSERT INTO FEEDIMAGE (FI_NO, FI_PATH, FI_FILE, FEED_NO) VALUES ('FI202008030036', DEFAULT, '%EC%BD%94%EC%8A%A4%EB%A9%94%ED%8B%B1%EC%82%AC%EC%A7%84+(36).jpg', 'FEED202008030009');
INSERT INTO FEEDIMAGE (FI_NO, FI_PATH, FI_FILE, FEED_NO) VALUES ('FI202008030037', DEFAULT, '%EC%BD%94%EC%8A%A4%EB%A9%94%ED%8B%B1%EC%82%AC%EC%A7%84+(37).jpg', 'FEED202008030009');
INSERT INTO FEEDIMAGE (FI_NO, FI_PATH, FI_FILE, FEED_NO) VALUES ('FI202008030038', DEFAULT, '%EC%BD%94%EC%8A%A4%EB%A9%94%ED%8B%B1%EC%82%AC%EC%A7%84+(38).jpg', 'FEED202008030009');
INSERT INTO FEEDIMAGE (FI_NO, FI_PATH, FI_FILE, FEED_NO) VALUES ('FI202008030039', DEFAULT, '%EC%BD%94%EC%8A%A4%EB%A9%94%ED%8B%B1%EC%82%AC%EC%A7%84+(39).jpg', 'FEED202008030009');
INSERT INTO FEEDIMAGE (FI_NO, FI_PATH, FI_FILE, FEED_NO) VALUES ('FI202008030040', DEFAULT, '%EC%BD%94%EC%8A%A4%EB%A9%94%ED%8B%B1%EC%82%AC%EC%A7%84+(40).jpg', 'FEED202008030009');
INSERT INTO FEEDIMAGE (FI_NO, FI_PATH, FI_FILE, FEED_NO) VALUES ('FI202008030041', DEFAULT, '%EC%BD%94%EC%8A%A4%EB%A9%94%ED%8B%B1%EC%82%AC%EC%A7%84+(41).jpg', 'FEED202008030009');
INSERT INTO FEEDIMAGE (FI_NO, FI_PATH, FI_FILE, FEED_NO) VALUES ('FI202008030042', DEFAULT, '%EC%BD%94%EC%8A%A4%EB%A9%94%ED%8B%B1%EC%82%AC%EC%A7%84+(42).jpg', 'FEED202008030010');
INSERT INTO FEEDIMAGE (FI_NO, FI_PATH, FI_FILE, FEED_NO) VALUES ('FI202008030043', DEFAULT, '%EC%BD%94%EC%8A%A4%EB%A9%94%ED%8B%B1%EC%82%AC%EC%A7%84+(43).jpg', 'FEED202008030010');
INSERT INTO FEEDIMAGE (FI_NO, FI_PATH, FI_FILE, FEED_NO) VALUES ('FI202008030044', DEFAULT, '%EC%BD%94%EC%8A%A4%EB%A9%94%ED%8B%B1%EC%82%AC%EC%A7%84+(44).jpg', 'FEED202008030010');
INSERT INTO FEEDIMAGE (FI_NO, FI_PATH, FI_FILE, FEED_NO) VALUES ('FI202008030045', DEFAULT, '%EC%BD%94%EC%8A%A4%EB%A9%94%ED%8B%B1%EC%82%AC%EC%A7%84+(45).jpg', 'FEED202008030010');
INSERT INTO FEEDIMAGE (FI_NO, FI_PATH, FI_FILE, FEED_NO) VALUES ('FI202008030046', DEFAULT, '%EC%BD%94%EC%8A%A4%EB%A9%94%ED%8B%B1%EC%82%AC%EC%A7%84+(46).jpg', 'FEED202008030010');
INSERT INTO FEEDIMAGE (FI_NO, FI_PATH, FI_FILE, FEED_NO) VALUES ('FI202008030047', DEFAULT, '%EC%BD%94%EC%8A%A4%EB%A9%94%ED%8B%B1%EC%82%AC%EC%A7%84+(47).jpg', 'FEED202008030011');
INSERT INTO FEEDIMAGE (FI_NO, FI_PATH, FI_FILE, FEED_NO) VALUES ('FI202008030048', DEFAULT, '%EC%BD%94%EC%8A%A4%EB%A9%94%ED%8B%B1%EC%82%AC%EC%A7%84+(48).jpg', 'FEED202008030011');
INSERT INTO FEEDIMAGE (FI_NO, FI_PATH, FI_FILE, FEED_NO) VALUES ('FI202008030049', DEFAULT, '%EC%BD%94%EC%8A%A4%EB%A9%94%ED%8B%B1%EC%82%AC%EC%A7%84+(49).jpg', 'FEED202008030011');
INSERT INTO FEEDIMAGE (FI_NO, FI_PATH, FI_FILE, FEED_NO) VALUES ('FI202008030050', DEFAULT, '%EC%BD%94%EC%8A%A4%EB%A9%94%ED%8B%B1%EC%82%AC%EC%A7%84+(50).jpg', 'FEED202008030011');
INSERT INTO FEEDIMAGE (FI_NO, FI_PATH, FI_FILE, FEED_NO) VALUES ('FI202008030051', DEFAULT, '%EC%BD%94%EC%8A%A4%EB%A9%94%ED%8B%B1%EC%82%AC%EC%A7%84+(51).jpg', 'FEED202008030011');
INSERT INTO FEEDIMAGE (FI_NO, FI_PATH, FI_FILE, FEED_NO) VALUES ('FI202008030052', DEFAULT, '%EC%BD%94%EC%8A%A4%EB%A9%94%ED%8B%B1%EC%82%AC%EC%A7%84+(52).jpg', 'FEED202008030011');
INSERT INTO FEEDIMAGE (FI_NO, FI_PATH, FI_FILE, FEED_NO) VALUES ('FI202008030053', DEFAULT, '%EC%BD%94%EC%8A%A4%EB%A9%94%ED%8B%B1%EC%82%AC%EC%A7%84+(53).jpg', 'FEED202008030012');
INSERT INTO FEEDIMAGE (FI_NO, FI_PATH, FI_FILE, FEED_NO) VALUES ('FI202008030054', DEFAULT, '%EC%BD%94%EC%8A%A4%EB%A9%94%ED%8B%B1%EC%82%AC%EC%A7%84+(54).jpg', 'FEED202008030012');
INSERT INTO FEEDIMAGE (FI_NO, FI_PATH, FI_FILE, FEED_NO) VALUES ('FI202008030055', DEFAULT, '%EC%BD%94%EC%8A%A4%EB%A9%94%ED%8B%B1%EC%82%AC%EC%A7%84+(55).jpg', 'FEED202008030012');
INSERT INTO FEEDIMAGE (FI_NO, FI_PATH, FI_FILE, FEED_NO) VALUES ('FI202008030056', DEFAULT, '%EC%BD%94%EC%8A%A4%EB%A9%94%ED%8B%B1%EC%82%AC%EC%A7%84+(56).jpg', 'FEED202008030012');
INSERT INTO FEEDIMAGE (FI_NO, FI_PATH, FI_FILE, FEED_NO) VALUES ('FI202008030057', DEFAULT, '%EC%BD%94%EC%8A%A4%EB%A9%94%ED%8B%B1%EC%82%AC%EC%A7%84+(57).jpg', 'FEED202008030012');
INSERT INTO FEEDIMAGE (FI_NO, FI_PATH, FI_FILE, FEED_NO) VALUES ('FI202008030058', DEFAULT, '%EC%BD%94%EC%8A%A4%EB%A9%94%ED%8B%B1%EC%82%AC%EC%A7%84+(58).jpg', 'FEED202008030013');
INSERT INTO FEEDIMAGE (FI_NO, FI_PATH, FI_FILE, FEED_NO) VALUES ('FI202008030059', DEFAULT, '%EC%BD%94%EC%8A%A4%EB%A9%94%ED%8B%B1%EC%82%AC%EC%A7%84+(59).jpg', 'FEED202008030013');
INSERT INTO FEEDIMAGE (FI_NO, FI_PATH, FI_FILE, FEED_NO) VALUES ('FI202008030060', DEFAULT, '%EC%BD%94%EC%8A%A4%EB%A9%94%ED%8B%B1%EC%82%AC%EC%A7%84+(60).jpg', 'FEED202008030013');
INSERT INTO FEEDIMAGE (FI_NO, FI_PATH, FI_FILE, FEED_NO) VALUES ('FI202008030061', DEFAULT, '%EC%BD%94%EC%8A%A4%EB%A9%94%ED%8B%B1%EC%82%AC%EC%A7%84+(61).jpg', 'FEED202008030013');
INSERT INTO FEEDIMAGE (FI_NO, FI_PATH, FI_FILE, FEED_NO) VALUES ('FI202008030062', DEFAULT, '%EC%BD%94%EC%8A%A4%EB%A9%94%ED%8B%B1%EC%82%AC%EC%A7%84+(62).jpg', 'FEED202008030013');
INSERT INTO FEEDIMAGE (FI_NO, FI_PATH, FI_FILE, FEED_NO) VALUES ('FI202008030063', DEFAULT, '%EC%BD%94%EC%8A%A4%EB%A9%94%ED%8B%B1%EC%82%AC%EC%A7%84+(63).jpg', 'FEED202008030014');
INSERT INTO FEEDIMAGE (FI_NO, FI_PATH, FI_FILE, FEED_NO) VALUES ('FI202008030064', DEFAULT, '%EC%BD%94%EC%8A%A4%EB%A9%94%ED%8B%B1%EC%82%AC%EC%A7%84+(64).jpg', 'FEED202008030014');
INSERT INTO FEEDIMAGE (FI_NO, FI_PATH, FI_FILE, FEED_NO) VALUES ('FI202008030065', DEFAULT, '%EC%BD%94%EC%8A%A4%EB%A9%94%ED%8B%B1%EC%82%AC%EC%A7%84+(65).jpg', 'FEED202008030014');
INSERT INTO FEEDIMAGE (FI_NO, FI_PATH, FI_FILE, FEED_NO) VALUES ('FI202008030066', DEFAULT, '%EC%BD%94%EC%8A%A4%EB%A9%94%ED%8B%B1%EC%82%AC%EC%A7%84+(66).jpg', 'FEED202008030014');
INSERT INTO FEEDIMAGE (FI_NO, FI_PATH, FI_FILE, FEED_NO) VALUES ('FI202008030067', DEFAULT, '%EC%BD%94%EC%8A%A4%EB%A9%94%ED%8B%B1%EC%82%AC%EC%A7%84+(67).jpg', 'FEED202008030014');
INSERT INTO FEEDIMAGE (FI_NO, FI_PATH, FI_FILE, FEED_NO) VALUES ('FI202008030068', DEFAULT, '%EC%BD%94%EC%8A%A4%EB%A9%94%ED%8B%B1%EC%82%AC%EC%A7%84+(68).jpg', 'FEED202008030014');
INSERT INTO FEEDIMAGE (FI_NO, FI_PATH, FI_FILE, FEED_NO) VALUES ('FI202008030069', DEFAULT, '%EC%BD%94%EC%8A%A4%EB%A9%94%ED%8B%B1%EC%82%AC%EC%A7%84+(69).jpg', 'FEED202008030014');
INSERT INTO FEEDIMAGE (FI_NO, FI_PATH, FI_FILE, FEED_NO) VALUES ('FI202008030070', DEFAULT, '%EC%BD%94%EC%8A%A4%EB%A9%94%ED%8B%B1%EC%82%AC%EC%A7%84+(70).jpg', 'FEED202008030014');
INSERT INTO FEEDIMAGE (FI_NO, FI_PATH, FI_FILE, FEED_NO) VALUES ('FI202008030071', DEFAULT, '%EC%BD%94%EC%8A%A4%EB%A9%94%ED%8B%B1%EC%82%AC%EC%A7%84+(71).jpg', 'FEED202008030015');
INSERT INTO FEEDIMAGE (FI_NO, FI_PATH, FI_FILE, FEED_NO) VALUES ('FI202008030072', DEFAULT, '%EC%BD%94%EC%8A%A4%EB%A9%94%ED%8B%B1%EC%82%AC%EC%A7%84+(72).jpg', 'FEED202008030015');
INSERT INTO FEEDIMAGE (FI_NO, FI_PATH, FI_FILE, FEED_NO) VALUES ('FI202008030073', DEFAULT, '%EC%BD%94%EC%8A%A4%EB%A9%94%ED%8B%B1%EC%82%AC%EC%A7%84+(73).jpg', 'FEED202008030015');
INSERT INTO FEEDIMAGE (FI_NO, FI_PATH, FI_FILE, FEED_NO) VALUES ('FI202008030074', DEFAULT, '%EC%BD%94%EC%8A%A4%EB%A9%94%ED%8B%B1%EC%82%AC%EC%A7%84+(74).jpg', 'FEED202008030015');
INSERT INTO FEEDIMAGE (FI_NO, FI_PATH, FI_FILE, FEED_NO) VALUES ('FI202008030075', DEFAULT, '%EC%BD%94%EC%8A%A4%EB%A9%94%ED%8B%B1%EC%82%AC%EC%A7%84+(75).jpg', 'FEED202008030015');
INSERT INTO FEEDIMAGE (FI_NO, FI_PATH, FI_FILE, FEED_NO) VALUES ('FI202008030076', DEFAULT, '%EC%BD%94%EC%8A%A4%EB%A9%94%ED%8B%B1%EC%82%AC%EC%A7%84+(76).jpg', 'FEED202008030016');
INSERT INTO FEEDIMAGE (FI_NO, FI_PATH, FI_FILE, FEED_NO) VALUES ('FI202008030077', DEFAULT, '%EC%BD%94%EC%8A%A4%EB%A9%94%ED%8B%B1%EC%82%AC%EC%A7%84+(77).jpg', 'FEED202008030016');
INSERT INTO FEEDIMAGE (FI_NO, FI_PATH, FI_FILE, FEED_NO) VALUES ('FI202008030078', DEFAULT, '%EC%BD%94%EC%8A%A4%EB%A9%94%ED%8B%B1%EC%82%AC%EC%A7%84+(78).jpg', 'FEED202008030016');
INSERT INTO FEEDIMAGE (FI_NO, FI_PATH, FI_FILE, FEED_NO) VALUES ('FI202008030079', DEFAULT, '%EC%BD%94%EC%8A%A4%EB%A9%94%ED%8B%B1%EC%82%AC%EC%A7%84+(79).jpg', 'FEED202008030016');
INSERT INTO FEEDIMAGE (FI_NO, FI_PATH, FI_FILE, FEED_NO) VALUES ('FI202008030080', DEFAULT, '%EC%BD%94%EC%8A%A4%EB%A9%94%ED%8B%B1%EC%82%AC%EC%A7%84+(80).jpg', 'FEED202008030017');
INSERT INTO FEEDIMAGE (FI_NO, FI_PATH, FI_FILE, FEED_NO) VALUES ('FI202008030081', DEFAULT, '%EC%BD%94%EC%8A%A4%EB%A9%94%ED%8B%B1%EC%82%AC%EC%A7%84+(81).jpg', 'FEED202008030017');
INSERT INTO FEEDIMAGE (FI_NO, FI_PATH, FI_FILE, FEED_NO) VALUES ('FI202008030082', DEFAULT, '%EC%BD%94%EC%8A%A4%EB%A9%94%ED%8B%B1%EC%82%AC%EC%A7%84+(82).jpg', 'FEED202008030017');
INSERT INTO FEEDIMAGE (FI_NO, FI_PATH, FI_FILE, FEED_NO) VALUES ('FI202008030083', DEFAULT, '%EC%BD%94%EC%8A%A4%EB%A9%94%ED%8B%B1%EC%82%AC%EC%A7%84+(83).jpg', 'FEED202008030017');
INSERT INTO FEEDIMAGE (FI_NO, FI_PATH, FI_FILE, FEED_NO) VALUES ('FI202008030084', DEFAULT, '%EC%BD%94%EC%8A%A4%EB%A9%94%ED%8B%B1%EC%82%AC%EC%A7%84+(84).jpg', 'FEED202008030018');
INSERT INTO FEEDIMAGE (FI_NO, FI_PATH, FI_FILE, FEED_NO) VALUES ('FI202008030085', DEFAULT, '%EC%BD%94%EC%8A%A4%EB%A9%94%ED%8B%B1%EC%82%AC%EC%A7%84+(85).jpg', 'FEED202008030018');
INSERT INTO FEEDIMAGE (FI_NO, FI_PATH, FI_FILE, FEED_NO) VALUES ('FI202008030086', DEFAULT, '%EC%BD%94%EC%8A%A4%EB%A9%94%ED%8B%B1%EC%82%AC%EC%A7%84+(86).jpg', 'FEED202008030019');
INSERT INTO FEEDIMAGE (FI_NO, FI_PATH, FI_FILE, FEED_NO) VALUES ('FI202008030087', DEFAULT, '%EC%BD%94%EC%8A%A4%EB%A9%94%ED%8B%B1%EC%82%AC%EC%A7%84+(87).jpg', 'FEED202008030019');
INSERT INTO FEEDIMAGE (FI_NO, FI_PATH, FI_FILE, FEED_NO) VALUES ('FI202008030088', DEFAULT, '%EC%BD%94%EC%8A%A4%EB%A9%94%ED%8B%B1%EC%82%AC%EC%A7%84+(88).jpg', 'FEED202008030019');
INSERT INTO FEEDIMAGE (FI_NO, FI_PATH, FI_FILE, FEED_NO) VALUES ('FI202008030089', DEFAULT, '%EC%BD%94%EC%8A%A4%EB%A9%94%ED%8B%B1%EC%82%AC%EC%A7%84+(89).jpg', 'FEED202008030019');
INSERT INTO FEEDIMAGE (FI_NO, FI_PATH, FI_FILE, FEED_NO) VALUES ('FI202008030090', DEFAULT, '%EC%BD%94%EC%8A%A4%EB%A9%94%ED%8B%B1%EC%82%AC%EC%A7%84+(90).jpg', 'FEED202008030019');

-- 신고-답변 샘플 데이터 삽입.
INSERT INTO RPANSWER (RPANS_NO, RPANS_TITLE, RPANS_CONTENT) VALUES ('RPANS0001', '스팸', '오해의 소지가 있거나 반복적으로 게시되는 게시물');
INSERT INTO RPANSWER (RPANS_NO, RPANS_TITLE, RPANS_CONTENT) VALUES ('RPANS0002', '누드 또는 포르노', '노골적인 성적 콘텐츠');
INSERT INTO RPANSWER (RPANS_NO, RPANS_TITLE, RPANS_CONTENT) VALUES ('RPANS0003', '자해', '섭식 장애, 자상, 자살 조장');
INSERT INTO RPANSWER (RPANS_NO, RPANS_TITLE, RPANS_CONTENT) VALUES ('RPANS0004', '잘못된 정보', '잘못된 건강 정보, 음모론, 조작된 이미지');
INSERT INTO RPANSWER (RPANS_NO, RPANS_TITLE, RPANS_CONTENT) VALUES ('RPANS0005', '혐오 활동', '편견, 고정관념, 백인 우월주의');
INSERT INTO RPANSWER (RPANS_NO, RPANS_TITLE, RPANS_CONTENT) VALUES ('RPANS0006', '위험 상품', '약물, 무기, 규제, 상품');
INSERT INTO RPANSWER (RPANS_NO, RPANS_TITLE, RPANS_CONTENT) VALUES ('RPANS0007', '모욕적인 내용 또는 사생활 침해', '모욕, 위협, 개인 식별 정보');
INSERT INTO RPANSWER (RPANS_NO, RPANS_TITLE, RPANS_CONTENT) VALUES ('RPANS0008', '노골적인 폭력 묘사', '폭력적인 이미지 또는 폭력 조장');
INSERT INTO RPANSWER (RPANS_NO, RPANS_TITLE, RPANS_CONTENT) VALUES ('RPANS0009', '나의 지적 재산임', '저작권 또는 상표권 침해');

-- 메인 댓글 샘플 데이터 삽입.
INSERT INTO COMMENTS (CMT_NO, FEED_NO, BM_NO, CMT_CONTENT, CMT_DELETEYN, CMT_INSERTDATE, CMT_UPDATEDATE, CMT_DELETEDATE) VALUES ('CMT202008030001', 'FEED202008010032', 'BM202007080002', 'TEST1', DEFAULT, DEFAULT, DEFAULT, NULL);
INSERT INTO COMMENTS (CMT_NO, FEED_NO, BM_NO, CMT_CONTENT, CMT_DELETEYN, CMT_INSERTDATE, CMT_UPDATEDATE, CMT_DELETEDATE) VALUES ('CMT202008030002', 'FEED202008010032', 'BM202007080002', 'TEST2', DEFAULT, DEFAULT, DEFAULT, NULL);
INSERT INTO COMMENTS (CMT_NO, FEED_NO, BM_NO, CMT_CONTENT, CMT_DELETEYN, CMT_INSERTDATE, CMT_UPDATEDATE, CMT_DELETEDATE) VALUES ('CMT202008030003', 'FEED202008010032', 'BM202007080002', 'TEST3', DEFAULT, DEFAULT, DEFAULT, NULL);
INSERT INTO COMMENTS (CMT_NO, FEED_NO, BM_NO, CMT_CONTENT, CMT_DELETEYN, CMT_INSERTDATE, CMT_UPDATEDATE, CMT_DELETEDATE) VALUES ('CMT202008030004', 'FEED202008010032', 'BM202007080002', 'TEST4', DEFAULT, DEFAULT, DEFAULT, NULL);
INSERT INTO COMMENTS (CMT_NO, FEED_NO, BM_NO, CMT_CONTENT, CMT_DELETEYN, CMT_INSERTDATE, CMT_UPDATEDATE, CMT_DELETEDATE) VALUES ('CMT202008030005', 'FEED202008010032', 'BM202007080002', 'TEST5', DEFAULT, DEFAULT, DEFAULT, NULL);

-- 메인 댓글-답글 샘플 데이터 삽입.
INSERT INTO CMTANSWER (CMTANS_NO, CMT_NO, BM_NO, CMTANS_CONTENT, CMTANS_DELETEYN, CMTANS_INSERTDATE, CMTANS_UPDATEDATE, CMTANS_DELETEDATE) VALUES ('CMTANS202008030001', 'CMT202008030001', 'BM202007080002', 'TEST1', DEFAULT, DEFAULT, DEFAULT, NULL);
INSERT INTO CMTANSWER (CMTANS_NO, CMT_NO, BM_NO, CMTANS_CONTENT, CMTANS_DELETEYN, CMTANS_INSERTDATE, CMTANS_UPDATEDATE, CMTANS_DELETEDATE) VALUES ('CMTANS202008030002', 'CMT202008030002', 'BM202007080002', 'TEST1', DEFAULT, DEFAULT, DEFAULT, NULL);
INSERT INTO CMTANSWER (CMTANS_NO, CMT_NO, BM_NO, CMTANS_CONTENT, CMTANS_DELETEYN, CMTANS_INSERTDATE, CMTANS_UPDATEDATE, CMTANS_DELETEDATE) VALUES ('CMTANS202008030003', 'CMT202008030003', 'BM202007080002', 'TEST1', DEFAULT, DEFAULT, DEFAULT, NULL);
INSERT INTO CMTANSWER (CMTANS_NO, CMT_NO, BM_NO, CMTANS_CONTENT, CMTANS_DELETEYN, CMTANS_INSERTDATE, CMTANS_UPDATEDATE, CMTANS_DELETEDATE) VALUES ('CMTANS202008030004', 'CMT202008030004', 'BM202007080002', 'TEST1', DEFAULT, DEFAULT, DEFAULT, NULL);
INSERT INTO CMTANSWER (CMTANS_NO, CMT_NO, BM_NO, CMTANS_CONTENT, CMTANS_DELETEYN, CMTANS_INSERTDATE, CMTANS_UPDATEDATE, CMTANS_DELETEDATE) VALUES ('CMTANS202008030005', 'CMT202008030005', 'BM202007080002', 'TEST1', DEFAULT, DEFAULT, DEFAULT, NULL);
INSERT INTO CMTANSWER (CMTANS_NO, CMT_NO, BM_NO, CMTANS_CONTENT, CMTANS_DELETEYN, CMTANS_INSERTDATE, CMTANS_UPDATEDATE, CMTANS_DELETEDATE) VALUES ('CMTANS202008030006', 'CMT202008030001', 'BM202007080002', 'TEST1', DEFAULT, DEFAULT, DEFAULT, NULL);
INSERT INTO CMTANSWER (CMTANS_NO, CMT_NO, BM_NO, CMTANS_CONTENT, CMTANS_DELETEYN, CMTANS_INSERTDATE, CMTANS_UPDATEDATE, CMTANS_DELETEDATE) VALUES ('CMTANS202008030007', 'CMT202008030002', 'BM202007080002', 'TEST1', DEFAULT, DEFAULT, DEFAULT, NULL);
INSERT INTO CMTANSWER (CMTANS_NO, CMT_NO, BM_NO, CMTANS_CONTENT, CMTANS_DELETEYN, CMTANS_INSERTDATE, CMTANS_UPDATEDATE, CMTANS_DELETEDATE) VALUES ('CMTANS202008030008', 'CMT202008030003', 'BM202007080002', 'TEST1', DEFAULT, DEFAULT, DEFAULT, NULL);
INSERT INTO CMTANSWER (CMTANS_NO, CMT_NO, BM_NO, CMTANS_CONTENT, CMTANS_DELETEYN, CMTANS_INSERTDATE, CMTANS_UPDATEDATE, CMTANS_DELETEDATE) VALUES ('CMTANS202008030009', 'CMT202008030004', 'BM202007080002', 'TEST1', DEFAULT, DEFAULT, DEFAULT, NULL);
INSERT INTO CMTANSWER (CMTANS_NO, CMT_NO, BM_NO, CMTANS_CONTENT, CMTANS_DELETEYN, CMTANS_INSERTDATE, CMTANS_UPDATEDATE, CMTANS_DELETEDATE) VALUES ('CMTANS202008030010', 'CMT202008030005', 'BM202007080002', 'TEST1', DEFAULT, DEFAULT, DEFAULT, NULL);
INSERT INTO CMTANSWER (CMTANS_NO, CMT_NO, BM_NO, CMTANS_CONTENT, CMTANS_DELETEYN, CMTANS_INSERTDATE, CMTANS_UPDATEDATE, CMTANS_DELETEDATE) VALUES ('CMTANS202008030011', 'CMT202008030001', 'BM202007080002', 'TEST1', DEFAULT, DEFAULT, DEFAULT, NULL);
INSERT INTO CMTANSWER (CMTANS_NO, CMT_NO, BM_NO, CMTANS_CONTENT, CMTANS_DELETEYN, CMTANS_INSERTDATE, CMTANS_UPDATEDATE, CMTANS_DELETEDATE) VALUES ('CMTANS202008030012', 'CMT202008030002', 'BM202007080002', 'TEST1', DEFAULT, DEFAULT, DEFAULT, NULL);
INSERT INTO CMTANSWER (CMTANS_NO, CMT_NO, BM_NO, CMTANS_CONTENT, CMTANS_DELETEYN, CMTANS_INSERTDATE, CMTANS_UPDATEDATE, CMTANS_DELETEDATE) VALUES ('CMTANS202008030013', 'CMT202008030003', 'BM202007080002', 'TEST1', DEFAULT, DEFAULT, DEFAULT, NULL);
INSERT INTO CMTANSWER (CMTANS_NO, CMT_NO, BM_NO, CMTANS_CONTENT, CMTANS_DELETEYN, CMTANS_INSERTDATE, CMTANS_UPDATEDATE, CMTANS_DELETEDATE) VALUES ('CMTANS202008030014', 'CMT202008030004', 'BM202007080002', 'TEST1', DEFAULT, DEFAULT, DEFAULT, NULL);
INSERT INTO CMTANSWER (CMTANS_NO, CMT_NO, BM_NO, CMTANS_CONTENT, CMTANS_DELETEYN, CMTANS_INSERTDATE, CMTANS_UPDATEDATE, CMTANS_DELETEDATE) VALUES ('CMTANS202008030015', 'CMT202008030005', 'BM202007080002', 'TEST1', DEFAULT, DEFAULT, DEFAULT, NULL);
INSERT INTO CMTANSWER (CMTANS_NO, CMT_NO, BM_NO, CMTANS_CONTENT, CMTANS_DELETEYN, CMTANS_INSERTDATE, CMTANS_UPDATEDATE, CMTANS_DELETEDATE) VALUES ('CMTANS202008030016', 'CMT202008030001', 'BM202007080002', 'TEST1', DEFAULT, DEFAULT, DEFAULT, NULL);
INSERT INTO CMTANSWER (CMTANS_NO, CMT_NO, BM_NO, CMTANS_CONTENT, CMTANS_DELETEYN, CMTANS_INSERTDATE, CMTANS_UPDATEDATE, CMTANS_DELETEDATE) VALUES ('CMTANS202008030017', 'CMT202008030002', 'BM202007080002', 'TEST1', DEFAULT, DEFAULT, DEFAULT, NULL);
INSERT INTO CMTANSWER (CMTANS_NO, CMT_NO, BM_NO, CMTANS_CONTENT, CMTANS_DELETEYN, CMTANS_INSERTDATE, CMTANS_UPDATEDATE, CMTANS_DELETEDATE) VALUES ('CMTANS202008030018', 'CMT202008030003', 'BM202007080002', 'TEST1', DEFAULT, DEFAULT, DEFAULT, NULL);
INSERT INTO CMTANSWER (CMTANS_NO, CMT_NO, BM_NO, CMTANS_CONTENT, CMTANS_DELETEYN, CMTANS_INSERTDATE, CMTANS_UPDATEDATE, CMTANS_DELETEDATE) VALUES ('CMTANS202008030019', 'CMT202008030004', 'BM202007080002', 'TEST1', DEFAULT, DEFAULT, DEFAULT, NULL);
INSERT INTO CMTANSWER (CMTANS_NO, CMT_NO, BM_NO, CMTANS_CONTENT, CMTANS_DELETEYN, CMTANS_INSERTDATE, CMTANS_UPDATEDATE, CMTANS_DELETEDATE) VALUES ('CMTANS202008030020', 'CMT202008030005', 'BM202007080002', 'TEST1', DEFAULT, DEFAULT, DEFAULT, NULL);
INSERT INTO CMTANSWER (CMTANS_NO, CMT_NO, BM_NO, CMTANS_CONTENT, CMTANS_DELETEYN, CMTANS_INSERTDATE, CMTANS_UPDATEDATE, CMTANS_DELETEDATE) VALUES ('CMTANS202008030021', 'CMT202008030001', 'BM202007080002', 'TEST1', DEFAULT, DEFAULT, DEFAULT, NULL);
INSERT INTO CMTANSWER (CMTANS_NO, CMT_NO, BM_NO, CMTANS_CONTENT, CMTANS_DELETEYN, CMTANS_INSERTDATE, CMTANS_UPDATEDATE, CMTANS_DELETEDATE) VALUES ('CMTANS202008030022', 'CMT202008030002', 'BM202007080002', 'TEST1', DEFAULT, DEFAULT, DEFAULT, NULL);
INSERT INTO CMTANSWER (CMTANS_NO, CMT_NO, BM_NO, CMTANS_CONTENT, CMTANS_DELETEYN, CMTANS_INSERTDATE, CMTANS_UPDATEDATE, CMTANS_DELETEDATE) VALUES ('CMTANS202008040023', 'CMT202008030003', 'BM202007080002', 'TEST1', DEFAULT, DEFAULT, DEFAULT, NULL);
INSERT INTO CMTANSWER (CMTANS_NO, CMT_NO, BM_NO, CMTANS_CONTENT, CMTANS_DELETEYN, CMTANS_INSERTDATE, CMTANS_UPDATEDATE, CMTANS_DELETEDATE) VALUES ('CMTANS202008050024', 'CMT202008030004', 'BM202007080002', 'TEST1', DEFAULT, DEFAULT, DEFAULT, NULL);
INSERT INTO CMTANSWER (CMTANS_NO, CMT_NO, BM_NO, CMTANS_CONTENT, CMTANS_DELETEYN, CMTANS_INSERTDATE, CMTANS_UPDATEDATE, CMTANS_DELETEDATE) VALUES ('CMTANS202008060025', 'CMT202008030005', 'BM202007080002', 'TEST1', DEFAULT, DEFAULT, DEFAULT, NULL);

--COMMIT;
--ROLLBACK;